Year,Recipient region,Recipient country,Observation status,Unit multiplier,Unit measure,Value
1970,,,Undefined,Thousands,GBP (£),186000.0
1971,,,Undefined,Thousands,GBP (£),231000.0
1972,,,Undefined,Thousands,GBP (£),243000.0
1973,,,Undefined,Thousands,GBP (£),246000.0
1974,,,Undefined,Thousands,GBP (£),307000.0
1975,,,Undefined,Thousands,GBP (£),388000.0
1976,,,Undefined,Thousands,GBP (£),487000.0
1977,,,Undefined,Thousands,GBP (£),638000.0
1978,,,Undefined,Thousands,GBP (£),763000.0
1979,,,Undefined,Thousands,GBP (£),1016000.0
1980,,,Undefined,Thousands,GBP (£),797000.0
1981,,,Undefined,Thousands,GBP (£),1081000.0
1982,,,Undefined,Thousands,GBP (£),1028000.0
1983,,,Undefined,Thousands,GBP (£),1061000.0
1984,,,Undefined,Thousands,GBP (£),1070000.0
1985,,,Undefined,Thousands,GBP (£),1180000.0
1986,,,Undefined,Thousands,GBP (£),1185000.0
1987,,,Undefined,Thousands,GBP (£),1142000.0
1988,,,Undefined,Thousands,GBP (£),1485000.0
1989,,,Undefined,Thousands,GBP (£),1578000.0
1990,,,Undefined,Thousands,GBP (£),1485000.0
1991,,,Undefined,Thousands,GBP (£),1815000.0
1992,,,Undefined,Thousands,GBP (£),1848000.0
1993,,,Undefined,Thousands,GBP (£),1945000.0
1994,,,Undefined,Thousands,GBP (£),2089000.0
1995,,,Undefined,Thousands,GBP (£),2029000.0
1996,,,Undefined,Thousands,GBP (£),2050000.0
1997,,,Undefined,Thousands,GBP (£),2096000.0
1998,,,Undefined,Thousands,GBP (£),2332000.0
1999,,,Undefined,Thousands,GBP (£),2118000.0
2000,,,Undefined,Thousands,GBP (£),2974000.0
2001,,,Undefined,Thousands,GBP (£),3179000.0
2002,,,Undefined,Thousands,GBP (£),3281000.0
2003,,,Undefined,Thousands,GBP (£),3847000.0
2004,,,Undefined,Thousands,GBP (£),4302000.0
2005,,,Undefined,Thousands,GBP (£),5926000.0
2006,,,Undefined,Thousands,GBP (£),6770000.0
2007,,,Undefined,Thousands,GBP (£),4921000.0
2008,,,Undefined,Thousands,GBP (£),6356000.0
2009,,,Undefined,Thousands,GBP (£),7300976.237289995
2010,,,Undefined,Thousands,GBP (£),8528781.042927243
2011,,,Undefined,Thousands,GBP (£),8628623.087847997
2012,,,Undefined,Thousands,GBP (£),8801919.047425846
2013,,,Undefined,Thousands,GBP (£),11406860.450010212
2014,,,Undefined,Thousands,GBP (£),11700471.98552536
2015,,,Undefined,Thousands,GBP (£),12135596.438341629
2016,,,Undefined,Thousands,GBP (£),13377131.388476798
2017,,,Undefined,Thousands,GBP (£),14059089.2329178
2009,Africa,,Undefined,Thousands,GBP (£),1802937.4
2009,Africa,"Africa, regional",Undefined,Thousands,GBP (£),153603.29
2009,Africa,Algeria,Undefined,Thousands,GBP (£),2314.3
2009,Africa,Angola,Undefined,Thousands,GBP (£),2840.5199999999995
2009,Africa,Benin,Undefined,Thousands,GBP (£),16.95
2009,Africa,Botswana,Undefined,Thousands,GBP (£),594.28
2009,Africa,Burkina Faso,Undefined,Thousands,GBP (£),126.33
2009,Africa,Burundi,Undefined,Thousands,GBP (£),9422.090000000002
2009,Africa,Cameroon,Undefined,Thousands,GBP (£),1446.23
2009,Africa,Cape Verde,Undefined,Thousands,GBP (£),456.41
2009,Africa,Central African Rep.,Undefined,Thousands,GBP (£),1559.77
2009,Africa,Chad,Undefined,Thousands,GBP (£),3563.93
2009,Africa,Democratic Republic of the Congo,Undefined,Thousands,GBP (£),144384.81
2009,Africa,Cote d'Ivoire,Undefined,Thousands,GBP (£),94.76
2009,Africa,Djibouti,Undefined,Thousands,GBP (£),1503.83
2009,Africa,Egypt,Undefined,Thousands,GBP (£),22813.84
2009,Africa,Eritrea,Undefined,Thousands,GBP (£),4128.85
2009,Africa,Ethiopia,Undefined,Thousands,GBP (£),219731.82
2009,Africa,Gambia,Undefined,Thousands,GBP (£),2387.71
2009,Africa,Ghana,Undefined,Thousands,GBP (£),98664.41000000002
2009,Africa,Guinea,Undefined,Thousands,GBP (£),556.6
2009,Africa,Guinea-Bissau,Undefined,Thousands,GBP (£),84.84
2009,Africa,Kenya,Undefined,Thousands,GBP (£),84025.58000000002
2009,Africa,Lesotho,Undefined,Thousands,GBP (£),5238.410000000001
2009,Africa,Liberia,Undefined,Thousands,GBP (£),21384.68
2009,Africa,Libya,Undefined,Thousands,GBP (£),598.4499999999999
2009,Africa,Madagascar,Undefined,Thousands,GBP (£),830.23
2009,Africa,Malawi,Undefined,Thousands,GBP (£),71511.51999999999
2009,Africa,Mali,Undefined,Thousands,GBP (£),16.95
2009,Africa,Mauritania,Undefined,Thousands,GBP (£),496.87
2009,Africa,Mauritius,Undefined,Thousands,GBP (£),13291.12
2009,Africa,Morocco,Undefined,Thousands,GBP (£),3039.71
2009,Africa,Mozambique,Undefined,Thousands,GBP (£),35146.65000000001
2009,Africa,Namibia,Undefined,Thousands,GBP (£),438.0799999999999
2009,Africa,Niger,Undefined,Thousands,GBP (£),3969.5
2009,Africa,Nigeria,Undefined,Thousands,GBP (£),121276.66000000006
2009,Africa,"North of Sahara, regional",Undefined,Thousands,GBP (£),927.77
2009,Africa,Rwanda,Undefined,Thousands,GBP (£),57600.17999999999
2009,Africa,Senegal,Undefined,Thousands,GBP (£),4171.5
2009,Africa,Seychelles,Undefined,Thousands,GBP (£),37.63
2009,Africa,Sierra Leone,Undefined,Thousands,GBP (£),51388.71000000002
2009,Africa,Somalia,Undefined,Thousands,GBP (£),28011.47
2009,Africa,South Africa,Undefined,Thousands,GBP (£),43112.58999999999
2009,Africa,"South of Sahara, regional",Undefined,Thousands,GBP (£),28744.82
2009,Africa,St. Helena,Undefined,Thousands,GBP (£),24702.5
2009,Africa,Sudan,Undefined,Thousands,GBP (£),189450.25000000003
2009,Africa,Swaziland,Undefined,Thousands,GBP (£),-2423.6600000000003
2009,Africa,Tanzania,Undefined,Thousands,GBP (£),138690.27000000002
2009,Africa,Togo,Undefined,Thousands,GBP (£),6668.23
2009,Africa,Tunisia,Undefined,Thousands,GBP (£),2445.98
2009,Africa,Uganda,Undefined,Thousands,GBP (£),75129.59999999999
2009,Africa,Zambia,Undefined,Thousands,GBP (£),51410.23
2009,Africa,Zimbabwe,Undefined,Thousands,GBP (£),71309.34999999998
2009,Americas,,Undefined,Thousands,GBP (£),86502.19000000002
2009,Americas,Anguilla,Undefined,Thousands,GBP (£),135.64999999999998
2009,Americas,Antigua and Barbuda,Undefined,Thousands,GBP (£),3.65
2009,Americas,Argentina,Undefined,Thousands,GBP (£),632.2800000000001
2009,Americas,Barbados,Undefined,Thousands,GBP (£),289.89
2009,Americas,Belize,Undefined,Thousands,GBP (£),33.06
2009,Americas,Bolivia,Undefined,Thousands,GBP (£),344.53
2009,Americas,Brazil,Undefined,Thousands,GBP (£),8396.160000000002
2009,Americas,Chile,Undefined,Thousands,GBP (£),382.91000000000014
2009,Americas,Colombia,Undefined,Thousands,GBP (£),4967.25
2009,Americas,Costa Rica,Undefined,Thousands,GBP (£),1640.1399999999994
2009,Americas,Cuba,Undefined,Thousands,GBP (£),611.98
2009,Americas,Dominica,Undefined,Thousands,GBP (£),0.71
2009,Americas,Dominican Republic,Undefined,Thousands,GBP (£),64.24
2009,Americas,Ecuador,Undefined,Thousands,GBP (£),147.9
2009,Americas,El Salvador,Undefined,Thousands,GBP (£),21.33
2009,Americas,Grenada,Undefined,Thousands,GBP (£),16.5
2009,Americas,Guatemala,Undefined,Thousands,GBP (£),462.86
2009,Americas,Guyana,Undefined,Thousands,GBP (£),1378.7600000000002
2009,Americas,Haiti,Undefined,Thousands,GBP (£),5100.85
2009,Americas,Honduras,Undefined,Thousands,GBP (£),63.14
2009,Americas,Jamaica,Undefined,Thousands,GBP (£),5341.43
2009,Americas,Mexico,Undefined,Thousands,GBP (£),7450.570000000001
2009,Americas,Montserrat,Undefined,Thousands,GBP (£),23858.210000000003
2009,Americas,Nicaragua,Undefined,Thousands,GBP (£),4519.85
2009,Americas,"North & Central America, regional",Undefined,Thousands,GBP (£),1001.73
2009,Americas,Panama,Undefined,Thousands,GBP (£),47.68
2009,Americas,Paraguay,Undefined,Thousands,GBP (£),26.85
2009,Americas,Peru,Undefined,Thousands,GBP (£),683.74
2009,Americas,St. Kitts-Nevis,Undefined,Thousands,GBP (£),0.74
2009,Americas,St. Lucia,Undefined,Thousands,GBP (£),7.960000000000001
2009,Americas,St.Vincent & Grenadines,Undefined,Thousands,GBP (£),0.48
2009,Americas,Trinidad & Tobago,Undefined,Thousands,GBP (£),282.13
2009,Americas,Uruguay,Undefined,Thousands,GBP (£),26.12
2009,Americas,Venezuela,Undefined,Thousands,GBP (£),1383.86
2009,Americas,"West Indies, regional",Undefined,Thousands,GBP (£),17177.05
2009,Asia,,Undefined,Thousands,GBP (£),1399223.7996899998
2009,Asia,Afghanistan,Undefined,Thousands,GBP (£),208251.01999999984
2009,Asia,Armenia,Undefined,Thousands,GBP (£),646.2099999999999
2009,Asia,"Asia, regional",Undefined,Thousands,GBP (£),7466.040000000002
2009,Asia,Azerbaijan,Undefined,Thousands,GBP (£),904.63
2009,Asia,Bangladesh,Undefined,Thousands,GBP (£),160477.7600000001
2009,Asia,Cambodia,Undefined,Thousands,GBP (£),20916.610000000004
2009,Asia,China,Undefined,Thousands,GBP (£),75073.82999999999
2009,Asia,Georgia,Undefined,Thousands,GBP (£),6320.45
2009,Asia,India,Undefined,Thousands,GBP (£),408033.7496899999
2009,Asia,Indonesia,Undefined,Thousands,GBP (£),44406.920000000006
2009,Asia,Iran,Undefined,Thousands,GBP (£),465.71
2009,Asia,Iraq,Undefined,Thousands,GBP (£),31092.910000000003
2009,Asia,Jordan,Undefined,Thousands,GBP (£),974.22
2009,Asia,Kazakhstan,Undefined,Thousands,GBP (£),4433.34
2009,Asia,Democratic People's Republic of Korea,Undefined,Thousands,GBP (£),31.52
2009,Asia,Kyrgyz Republic,Undefined,Thousands,GBP (£),5724.02
2009,Asia,Laos,Undefined,Thousands,GBP (£),193.64000000000004
2009,Asia,Lebanon,Undefined,Thousands,GBP (£),3456.0600000000004
2009,Asia,Malaysia,Undefined,Thousands,GBP (£),2671.65
2009,Asia,Maldives,Undefined,Thousands,GBP (£),243.69
2009,Asia,"Middle East, regional",Undefined,Thousands,GBP (£),3843.15
2009,Asia,Mongolia,Undefined,Thousands,GBP (£),454.96
2009,Asia,Myanmar,Undefined,Thousands,GBP (£),33995.899999999994
2009,Asia,Nepal,Undefined,Thousands,GBP (£),66092.20999999999
2009,Asia,Oman,Undefined,Thousands,GBP (£),410.33
2009,Asia,Pakistan,Undefined,Thousands,GBP (£),139325.96999999994
2009,Asia,Philippines,Undefined,Thousands,GBP (£),2812.76
2009,Asia,"South Asia, regional",Undefined,Thousands,GBP (£),1974.87
2009,Asia,Sri Lanka,Undefined,Thousands,GBP (£),11892.929999999998
2009,Asia,Syria,Undefined,Thousands,GBP (£),671.9
2009,Asia,Tajikistan,Undefined,Thousands,GBP (£),2865.23
2009,Asia,Thailand,Undefined,Thousands,GBP (£),6294.900000000001
2009,Asia,Timor-Leste,Undefined,Thousands,GBP (£),70.00999999999999
2009,Asia,Turkmenistan,Undefined,Thousands,GBP (£),218.26
2009,Asia,Uzbekistan,Undefined,Thousands,GBP (£),1183.4800000000002
2009,Asia,Vietnam,Undefined,Thousands,GBP (£),60868.2
2009,Asia,West Bank & Gaza Strip,Undefined,Thousands,GBP (£),61036.21000000001
2009,Asia,Yemen,Undefined,Thousands,GBP (£),23428.55
2009,"Developing countries, unspecified",,Undefined,Thousands,GBP (£),3977863.887599999
2009,Europe,,Undefined,Thousands,GBP (£),30737.37
2009,Europe,Albania,Undefined,Thousands,GBP (£),1402.09
2009,Europe,Belarus,Undefined,Thousands,GBP (£),392.05
2009,Europe,Bosnia-Herzegovina,Undefined,Thousands,GBP (£),6155.550000000001
2009,Europe,Croatia,Undefined,Thousands,GBP (£),1199.7799999999995
2009,Europe,"Europe, regional",Undefined,Thousands,GBP (£),2563.8900000000003
2009,Europe,Former Yugoslav Republic of Macedonia (FYROM),Undefined,Thousands,GBP (£),1250.34
2009,Europe,Kosovo,Undefined,Thousands,GBP (£),6608.599999999999
2009,Europe,Moldova,Undefined,Thousands,GBP (£),2058.52
2009,Europe,Montenegro,Undefined,Thousands,GBP (£),291.61
2009,Europe,Serbia,Undefined,Thousands,GBP (£),5874.549999999999
2009,Europe,Turkey,Undefined,Thousands,GBP (£),1423.2099999999996
2009,Europe,Ukraine,Undefined,Thousands,GBP (£),1517.18
2009,Pacific,,Undefined,Thousands,GBP (£),3711.59
2009,Pacific,Fiji,Undefined,Thousands,GBP (£),373.24
2009,Pacific,Kiribati,Undefined,Thousands,GBP (£),22.31
2009,Pacific,"Oceania, regional",Undefined,Thousands,GBP (£),2362.78
2009,Pacific,Papua New Guinea,Undefined,Thousands,GBP (£),624.68
2009,Pacific,Samoa,Undefined,Thousands,GBP (£),114.53
2009,Pacific,Solomon Islands,Undefined,Thousands,GBP (£),145.65
2009,Pacific,Tonga,Undefined,Thousands,GBP (£),6.04
2009,Pacific,Vanuatu,Undefined,Thousands,GBP (£),62.36
2010,Africa,,Undefined,Thousands,GBP (£),1990242.8747250997
2010,Africa,"Africa, regional",Undefined,Thousands,GBP (£),113133.68164
2010,Africa,Algeria,Undefined,Thousands,GBP (£),1422.91693
2010,Africa,Angola,Undefined,Thousands,GBP (£),10799.606200000002
2010,Africa,Botswana,Undefined,Thousands,GBP (£),683.571369
2010,Africa,Burkina Faso,Undefined,Thousands,GBP (£),61.880426
2010,Africa,Burundi,Undefined,Thousands,GBP (£),13041.00573
2010,Africa,Cameroon,Undefined,Thousands,GBP (£),669.01008
2010,Africa,Cape Verde,Undefined,Thousands,GBP (£),581.38861
2010,Africa,Central African Rep.,Undefined,Thousands,GBP (£),1956.23252
2010,Africa,Chad,Undefined,Thousands,GBP (£),1851.017
2010,Africa,Comoros,Undefined,Thousands,GBP (£),78.531
2010,Africa,Democratic Republic of the Congo,Undefined,Thousands,GBP (£),162378.54484000005
2010,Africa,"Congo, Rep.",Undefined,Thousands,GBP (£),50988.26321
2010,Africa,Cote d'Ivoire,Undefined,Thousands,GBP (£),16808.181725000002
2010,Africa,Djibouti,Undefined,Thousands,GBP (£),3.29233
2010,Africa,Egypt,Undefined,Thousands,GBP (£),5818.01103
2010,Africa,Eritrea,Undefined,Thousands,GBP (£),3566.096759999999
2010,Africa,Ethiopia,Undefined,Thousands,GBP (£),263499.11442
2010,Africa,Gabon,Undefined,Thousands,GBP (£),105.96262
2010,Africa,Gambia,Undefined,Thousands,GBP (£),1284.07208
2010,Africa,Ghana,Undefined,Thousands,GBP (£),107858.197711
2010,Africa,Guinea-Bissau,Undefined,Thousands,GBP (£),47.0
2010,Africa,Kenya,Undefined,Thousands,GBP (£),68136.461319
2010,Africa,Lesotho,Undefined,Thousands,GBP (£),3119.8770400000003
2010,Africa,Liberia,Undefined,Thousands,GBP (£),16561.095569
2010,Africa,Libya,Undefined,Thousands,GBP (£),1019.8334099999998
2010,Africa,Madagascar,Undefined,Thousands,GBP (£),-190.9346300000002
2010,Africa,Malawi,Undefined,Thousands,GBP (£),95847.85962
2010,Africa,Mali,Undefined,Thousands,GBP (£),33.20427
2010,Africa,Mauritius,Undefined,Thousands,GBP (£),3689.11031
2010,Africa,Morocco,Undefined,Thousands,GBP (£),2083.40518
2010,Africa,Mozambique,Undefined,Thousands,GBP (£),67612.76923
2010,Africa,Namibia,Undefined,Thousands,GBP (£),362.45359
2010,Africa,Niger,Undefined,Thousands,GBP (£),2060.53634
2010,Africa,Nigeria,Undefined,Thousands,GBP (£),171335.234003
2010,Africa,"North of Sahara, regional",Undefined,Thousands,GBP (£),22.18276
2010,Africa,Rwanda,Undefined,Thousands,GBP (£),68747.09385
2010,Africa,Senegal,Undefined,Thousands,GBP (£),-536.1037330000001
2010,Africa,Seychelles,Undefined,Thousands,GBP (£),27.83567
2010,Africa,Sierra Leone,Undefined,Thousands,GBP (£),54902.40239
2010,Africa,Somalia,Undefined,Thousands,GBP (£),40358.5280761
2010,Africa,South Africa,Undefined,Thousands,GBP (£),25441.78485
2010,Africa,"South of Sahara, regional",Undefined,Thousands,GBP (£),106188.35445
2010,Africa,St. Helena,Undefined,Thousands,GBP (£),34740.33453000001
2010,Africa,Sudan,Undefined,Thousands,GBP (£),77103.644328
2010,Africa,Swaziland,Undefined,Thousands,GBP (£),10.56252
2010,Africa,Tanzania,Undefined,Thousands,GBP (£),156006.45311
2010,Africa,Togo,Undefined,Thousands,GBP (£),-54.889892
2010,Africa,Tunisia,Undefined,Thousands,GBP (£),1621.6516190000002
2010,Africa,Uganda,Undefined,Thousands,GBP (£),116073.639205
2010,Africa,Zambia,Undefined,Thousands,GBP (£),51346.44946999999
2010,Africa,Zimbabwe,Undefined,Thousands,GBP (£),69936.46803999999
2010,Americas,,Undefined,Thousands,GBP (£),81528.272223
2010,Americas,"America, regional",Undefined,Thousands,GBP (£),6329.529793
2010,Americas,Anguilla,Undefined,Thousands,GBP (£),57.794070000000005
2010,Americas,Antigua and Barbuda,Undefined,Thousands,GBP (£),3.15806
2010,Americas,Argentina,Undefined,Thousands,GBP (£),349.59938000000005
2010,Americas,Barbados,Undefined,Thousands,GBP (£),51.91839
2010,Americas,Belize,Undefined,Thousands,GBP (£),50.95602
2010,Americas,Bolivia,Undefined,Thousands,GBP (£),54.218
2010,Americas,Brazil,Undefined,Thousands,GBP (£),26375.79294
2010,Americas,Chile,Undefined,Thousands,GBP (£),427.65288
2010,Americas,Colombia,Undefined,Thousands,GBP (£),1709.11238
2010,Americas,Costa Rica,Undefined,Thousands,GBP (£),496.57262
2010,Americas,Cuba,Undefined,Thousands,GBP (£),249.56387
2010,Americas,Dominica,Undefined,Thousands,GBP (£),194.79766
2010,Americas,Dominican Republic,Undefined,Thousands,GBP (£),35.77993
2010,Americas,Ecuador,Undefined,Thousands,GBP (£),-22.352739999999965
2010,Americas,El Salvador,Undefined,Thousands,GBP (£),-31611.54505
2010,Americas,Grenada,Undefined,Thousands,GBP (£),0.92119
2010,Americas,Guatemala,Undefined,Thousands,GBP (£),148.74768
2010,Americas,Guyana,Undefined,Thousands,GBP (£),1047.14976
2010,Americas,Haiti,Undefined,Thousands,GBP (£),16943.51631
2010,Americas,Honduras,Undefined,Thousands,GBP (£),16354.27328
2010,Americas,Jamaica,Undefined,Thousands,GBP (£),2540.1799
2010,Americas,Mexico,Undefined,Thousands,GBP (£),6093.117310000001
2010,Americas,Montserrat,Undefined,Thousands,GBP (£),10736.4699
2010,Americas,Nicaragua,Undefined,Thousands,GBP (£),4694.60073
2010,Americas,"North & Central America, regional",Undefined,Thousands,GBP (£),303.61400000000003
2010,Americas,Panama,Undefined,Thousands,GBP (£),26.408
2010,Americas,Paraguay,Undefined,Thousands,GBP (£),7.243
2010,Americas,Peru,Undefined,Thousands,GBP (£),819.6306200000001
2010,Americas,St. Kitts-Nevis,Undefined,Thousands,GBP (£),1.20079
2010,Americas,St. Lucia,Undefined,Thousands,GBP (£),10.6878
2010,Americas,St.Vincent & Grenadines,Undefined,Thousands,GBP (£),10.3
2010,Americas,Trinidad & Tobago,Undefined,Thousands,GBP (£),156.5198
2010,Americas,Uruguay,Undefined,Thousands,GBP (£),42.656
2010,Americas,Venezuela,Undefined,Thousands,GBP (£),705.03136
2010,Americas,"West Indies, regional",Undefined,Thousands,GBP (£),16133.456589999998
2010,Asia,,Undefined,Thousands,GBP (£),1334050.376056
2010,Asia,Afghanistan,Undefined,Thousands,GBP (£),152053.0131770001
2010,Asia,Armenia,Undefined,Thousands,GBP (£),314.95647
2010,Asia,"Asia, regional",Undefined,Thousands,GBP (£),23960.28578
2010,Asia,Azerbaijan,Undefined,Thousands,GBP (£),559.2958699999999
2010,Asia,Bangladesh,Undefined,Thousands,GBP (£),147839.4758
2010,Asia,Cambodia,Undefined,Thousands,GBP (£),16838.62951
2010,Asia,China,Undefined,Thousands,GBP (£),56152.43038599999
2010,Asia,Georgia,Undefined,Thousands,GBP (£),2222.9713400000005
2010,Asia,India,Undefined,Thousands,GBP (£),421092.32943900017
2010,Asia,Indonesia,Undefined,Thousands,GBP (£),17273.062953999997
2010,Asia,Iraq,Undefined,Thousands,GBP (£),20059.58607000001
2010,Asia,Jordan,Undefined,Thousands,GBP (£),1708.72529
2010,Asia,Kazakhstan,Undefined,Thousands,GBP (£),220.2742800000002
2010,Asia,Democratic People's Republic of Korea,Undefined,Thousands,GBP (£),264.40239
2010,Asia,Kyrgyz Republic,Undefined,Thousands,GBP (£),4731.8821100000005
2010,Asia,Laos,Undefined,Thousands,GBP (£),36.789
2010,Asia,Lebanon,Undefined,Thousands,GBP (£),2565.37988
2010,Asia,Malaysia,Undefined,Thousands,GBP (£),-485.555765
2010,Asia,Maldives,Undefined,Thousands,GBP (£),170.07600000000002
2010,Asia,"Middle East, regional",Undefined,Thousands,GBP (£),6512.60172
2010,Asia,Mongolia,Undefined,Thousands,GBP (£),537.9247400000002
2010,Asia,Myanmar,Undefined,Thousands,GBP (£),28599.29188
2010,Asia,Nepal,Undefined,Thousands,GBP (£),68110.47527
2010,Asia,Oman,Undefined,Thousands,GBP (£),601.5464099999999
2010,Asia,Pakistan,Undefined,Thousands,GBP (£),193282.052348
2010,Asia,Philippines,Undefined,Thousands,GBP (£),376.81457
2010,Asia,"South Asia, regional",Undefined,Thousands,GBP (£),1257.90603
2010,Asia,Sri Lanka,Undefined,Thousands,GBP (£),-5502.7697400000025
2010,Asia,Syria,Undefined,Thousands,GBP (£),1259.5509599999998
2010,Asia,Tajikistan,Undefined,Thousands,GBP (£),8107.88859
2010,Asia,Thailand,Undefined,Thousands,GBP (£),4670.958802000001
2010,Asia,Turkmenistan,Undefined,Thousands,GBP (£),39.029
2010,Asia,Uzbekistan,Undefined,Thousands,GBP (£),797.13674
2010,Asia,Vietnam,Undefined,Thousands,GBP (£),53221.69566499999
2010,Asia,West Bank & Gaza Strip,Undefined,Thousands,GBP (£),63213.63647
2010,Asia,Yemen,Undefined,Thousands,GBP (£),41386.62662
2010,"Developing countries, unspecified",,Undefined,Thousands,GBP (£),5081749.281103128
2010,Europe,,Undefined,Thousands,GBP (£),36707.710900000005
2010,Europe,Albania,Undefined,Thousands,GBP (£),560.2432100000001
2010,Europe,Belarus,Undefined,Thousands,GBP (£),238.151
2010,Europe,Bosnia-Herzegovina,Undefined,Thousands,GBP (£),6268.22009
2010,Europe,Croatia,Undefined,Thousands,GBP (£),678.8700499999998
2010,Europe,"Europe, regional",Undefined,Thousands,GBP (£),6106.45785
2010,Europe,Former Yugoslav Republic of Macedonia (FYROM),Undefined,Thousands,GBP (£),743.3
2010,Europe,Kosovo,Undefined,Thousands,GBP (£),6142.357020000001
2010,Europe,Moldova,Undefined,Thousands,GBP (£),9365.111530000002
2010,Europe,Montenegro,Undefined,Thousands,GBP (£),135.11034999999998
2010,Europe,Serbia,Undefined,Thousands,GBP (£),3498.2554900000005
2010,Europe,Turkey,Undefined,Thousands,GBP (£),2428.87515
2010,Europe,Ukraine,Undefined,Thousands,GBP (£),542.75916
2010,Pacific,,Undefined,Thousands,GBP (£),4502.52792
2010,Pacific,Fiji,Undefined,Thousands,GBP (£),342.90333000000004
2010,Pacific,Kiribati,Undefined,Thousands,GBP (£),35.98887
2010,Pacific,Nauru,Undefined,Thousands,GBP (£),8.0
2010,Pacific,"Oceania, regional",Undefined,Thousands,GBP (£),2955.8837900000003
2010,Pacific,Palau,Undefined,Thousands,GBP (£),11.965
2010,Pacific,Papua New Guinea,Undefined,Thousands,GBP (£),668.76551
2010,Pacific,Samoa,Undefined,Thousands,GBP (£),149.82666
2010,Pacific,Solomon Islands,Undefined,Thousands,GBP (£),143.82410000000002
2010,Pacific,Tonga,Undefined,Thousands,GBP (£),99.34183
2010,Pacific,Tuvalu,Undefined,Thousands,GBP (£),27.922
2010,Pacific,Vanuatu,Undefined,Thousands,GBP (£),58.10683
2011,Africa,,Undefined,Thousands,GBP (£),2126291.596869
2011,Africa,"Africa, regional",Undefined,Thousands,GBP (£),90863.15993299996
2011,Africa,Algeria,Undefined,Thousands,GBP (£),901.1724110000002
2011,Africa,Angola,Undefined,Thousands,GBP (£),428.205547
2011,Africa,Benin,Undefined,Thousands,GBP (£),44.79091
2011,Africa,Botswana,Undefined,Thousands,GBP (£),974.275589
2011,Africa,Burkina Faso,Undefined,Thousands,GBP (£),510.11364
2011,Africa,Burundi,Undefined,Thousands,GBP (£),11055.119818
2011,Africa,Cameroon,Undefined,Thousands,GBP (£),510.667343
2011,Africa,Cape Verde,Undefined,Thousands,GBP (£),18.899691
2011,Africa,Chad,Undefined,Thousands,GBP (£),239.618
2011,Africa,Comoros,Undefined,Thousands,GBP (£),74.863
2011,Africa,Democratic Republic of the Congo,Undefined,Thousands,GBP (£),238945.744154
2011,Africa,Cote d'Ivoire,Undefined,Thousands,GBP (£),6697.312690000001
2011,Africa,Djibouti,Undefined,Thousands,GBP (£),12.2
2011,Africa,Egypt,Undefined,Thousands,GBP (£),10864.203971
2011,Africa,Eritrea,Undefined,Thousands,GBP (£),5220.05811
2011,Africa,Ethiopia,Undefined,Thousands,GBP (£),344490.61667599995
2011,Africa,Gabon,Undefined,Thousands,GBP (£),125.531
2011,Africa,Gambia,Undefined,Thousands,GBP (£),5502.168786000003
2011,Africa,Ghana,Undefined,Thousands,GBP (£),81379.07206600001
2011,Africa,Guinea,Undefined,Thousands,GBP (£),176.863651
2011,Africa,Guinea-Bissau,Undefined,Thousands,GBP (£),45.783037
2011,Africa,Kenya,Undefined,Thousands,GBP (£),88592.88797999998
2011,Africa,Lesotho,Undefined,Thousands,GBP (£),1156.324369
2011,Africa,Liberia,Undefined,Thousands,GBP (£),19658.95949
2011,Africa,Libya,Undefined,Thousands,GBP (£),10525.963615
2011,Africa,Madagascar,Undefined,Thousands,GBP (£),503.5474539999999
2011,Africa,Malawi,Undefined,Thousands,GBP (£),64914.58064200001
2011,Africa,Mali,Undefined,Thousands,GBP (£),8.845726
2011,Africa,Mauritania,Undefined,Thousands,GBP (£),903.900851
2011,Africa,Mauritius,Undefined,Thousands,GBP (£),8445.221164
2011,Africa,Morocco,Undefined,Thousands,GBP (£),2729.761729
2011,Africa,Mozambique,Undefined,Thousands,GBP (£),116278.24205
2011,Africa,Namibia,Undefined,Thousands,GBP (£),-451.85802
2011,Africa,Niger,Undefined,Thousands,GBP (£),368.4546
2011,Africa,Nigeria,Undefined,Thousands,GBP (£),186428.31704
2011,Africa,"North of Sahara, regional",Undefined,Thousands,GBP (£),13372.10706
2011,Africa,Rwanda,Undefined,Thousands,GBP (£),84569.232604
2011,Africa,Senegal,Undefined,Thousands,GBP (£),1243.404667
2011,Africa,Seychelles,Undefined,Thousands,GBP (£),45.534851
2011,Africa,Sierra Leone,Undefined,Thousands,GBP (£),45884.525021
2011,Africa,Somalia,Undefined,Thousands,GBP (£),94907.086615
2011,Africa,South Africa,Undefined,Thousands,GBP (£),29074.00736899999
2011,Africa,"South of Sahara, regional",Undefined,Thousands,GBP (£),59304.33622800001
2011,Africa,South Sudan,Undefined,Thousands,GBP (£),51774.41147700001
2011,Africa,St. Helena,Undefined,Thousands,GBP (£),49433.19124000001
2011,Africa,Sudan,Undefined,Thousands,GBP (£),98146.051457
2011,Africa,Swaziland,Undefined,Thousands,GBP (£),17.661988
2011,Africa,Tanzania,Undefined,Thousands,GBP (£),99134.075604
2011,Africa,Togo,Undefined,Thousands,GBP (£),1196.161475
2011,Africa,Tunisia,Undefined,Thousands,GBP (£),3740.5688460000006
2011,Africa,Uganda,Undefined,Thousands,GBP (£),89188.274438
2011,Africa,Zambia,Undefined,Thousands,GBP (£),57759.91150100001
2011,Africa,Zimbabwe,Undefined,Thousands,GBP (£),48357.46571499999
2011,Americas,,Undefined,Thousands,GBP (£),102088.50040799998
2011,Americas,"America, regional",Undefined,Thousands,GBP (£),89.075452
2011,Americas,Anguilla,Undefined,Thousands,GBP (£),244.0
2011,Americas,Antigua and Barbuda,Undefined,Thousands,GBP (£),2.01652
2011,Americas,Argentina,Undefined,Thousands,GBP (£),742.6717409999999
2011,Americas,Belize,Undefined,Thousands,GBP (£),322.398051
2011,Americas,Bolivia,Undefined,Thousands,GBP (£),90.137861
2011,Americas,Brazil,Undefined,Thousands,GBP (£),30796.45347900001
2011,Americas,Chile,Undefined,Thousands,GBP (£),343.89042199999994
2011,Americas,Colombia,Undefined,Thousands,GBP (£),2719.583825000001
2011,Americas,Costa Rica,Undefined,Thousands,GBP (£),196.26165000000003
2011,Americas,Cuba,Undefined,Thousands,GBP (£),165.825924
2011,Americas,Dominica,Undefined,Thousands,GBP (£),18.11585
2011,Americas,Dominican Republic,Undefined,Thousands,GBP (£),96.017513
2011,Americas,Ecuador,Undefined,Thousands,GBP (£),138.238258
2011,Americas,El Salvador,Undefined,Thousands,GBP (£),6.02131
2011,Americas,Grenada,Undefined,Thousands,GBP (£),0.83943
2011,Americas,Guatemala,Undefined,Thousands,GBP (£),57.985380000000006
2011,Americas,Guyana,Undefined,Thousands,GBP (£),367.367963
2011,Americas,Haiti,Undefined,Thousands,GBP (£),9713.94789
2011,Americas,Honduras,Undefined,Thousands,GBP (£),12.2
2011,Americas,Jamaica,Undefined,Thousands,GBP (£),6446.442063
2011,Americas,Mexico,Undefined,Thousands,GBP (£),3590.1426870000005
2011,Americas,Montserrat,Undefined,Thousands,GBP (£),27743.75653
2011,Americas,Nicaragua,Undefined,Thousands,GBP (£),17.56068
2011,Americas,"North & Central America, regional",Undefined,Thousands,GBP (£),3477.415953
2011,Americas,Panama,Undefined,Thousands,GBP (£),122.995766
2011,Americas,Paraguay,Undefined,Thousands,GBP (£),28.896184
2011,Americas,Peru,Undefined,Thousands,GBP (£),371.6528879999999
2011,Americas,St. Kitts-Nevis,Undefined,Thousands,GBP (£),0.38233
2011,Americas,St. Lucia,Undefined,Thousands,GBP (£),230.073866
2011,Americas,St.Vincent & Grenadines,Undefined,Thousands,GBP (£),26.903936
2011,Americas,Uruguay,Undefined,Thousands,GBP (£),59.368471
2011,Americas,Venezuela,Undefined,Thousands,GBP (£),486.933608
2011,Americas,"West Indies, regional",Undefined,Thousands,GBP (£),13362.926927
2011,Asia,,Undefined,Thousands,GBP (£),1339085.320095
2011,Asia,Afghanistan,Undefined,Thousands,GBP (£),264128.8462760001
2011,Asia,Armenia,Undefined,Thousands,GBP (£),225.957391
2011,Asia,"Asia, regional",Undefined,Thousands,GBP (£),29201.948822999995
2011,Asia,Azerbaijan,Undefined,Thousands,GBP (£),597.5341019999998
2011,Asia,Bangladesh,Undefined,Thousands,GBP (£),229947.4432330001
2011,Asia,Cambodia,Undefined,Thousands,GBP (£),3805.502104
2011,Asia,China,Undefined,Thousands,GBP (£),40461.42138999998
2011,Asia,Georgia,Undefined,Thousands,GBP (£),1988.789912
2011,Asia,India,Undefined,Thousands,GBP (£),283111.42227899993
2011,Asia,Indonesia,Undefined,Thousands,GBP (£),-4257.104029000003
2011,Asia,Iran,Undefined,Thousands,GBP (£),265.303366
2011,Asia,Iraq,Undefined,Thousands,GBP (£),8346.143063999998
2011,Asia,Jordan,Undefined,Thousands,GBP (£),1654.4328140000002
2011,Asia,Kazakhstan,Undefined,Thousands,GBP (£),1703.2021150000005
2011,Asia,Democratic People's Republic of Korea,Undefined,Thousands,GBP (£),378.247755
2011,Asia,Kyrgyz Republic,Undefined,Thousands,GBP (£),7425.454162999999
2011,Asia,Laos,Undefined,Thousands,GBP (£),1006.288
2011,Asia,Lebanon,Undefined,Thousands,GBP (£),1646.463224
2011,Asia,Malaysia,Undefined,Thousands,GBP (£),4467.858847
2011,Asia,Maldives,Undefined,Thousands,GBP (£),167.04137
2011,Asia,"Middle East, regional",Undefined,Thousands,GBP (£),3446.630398
2011,Asia,Mongolia,Undefined,Thousands,GBP (£),110.56866399999998
2011,Asia,Myanmar,Undefined,Thousands,GBP (£),38803.080393
2011,Asia,Nepal,Undefined,Thousands,GBP (£),64917.34533899999
2011,Asia,Pakistan,Undefined,Thousands,GBP (£),206848.5737
2011,Asia,Philippines,Undefined,Thousands,GBP (£),1294.2388780000003
2011,Asia,"South Asia, regional",Undefined,Thousands,GBP (£),858.9313949999998
2011,Asia,Sri Lanka,Undefined,Thousands,GBP (£),2632.9926829999995
2011,Asia,Syria,Undefined,Thousands,GBP (£),1267.902741
2011,Asia,Tajikistan,Undefined,Thousands,GBP (£),10289.793016
2011,Asia,Thailand,Undefined,Thousands,GBP (£),-4756.160669
2011,Asia,Timor-Leste,Undefined,Thousands,GBP (£),45.781484000000006
2011,Asia,Turkmenistan,Undefined,Thousands,GBP (£),91.675625
2011,Asia,Uzbekistan,Undefined,Thousands,GBP (£),524.035735
2011,Asia,Vietnam,Undefined,Thousands,GBP (£),21832.118263999997
2011,Asia,West Bank & Gaza Strip,Undefined,Thousands,GBP (£),75548.50101499999
2011,Asia,Yemen,Undefined,Thousands,GBP (£),39057.115235000005
2011,"Developing countries, unspecified",,Undefined,Thousands,GBP (£),5039317.270717999
2011,Europe,,Undefined,Thousands,GBP (£),19354.314473999995
2011,Europe,Albania,Undefined,Thousands,GBP (£),424.762129
2011,Europe,Belarus,Undefined,Thousands,GBP (£),77.47436
2011,Europe,Bosnia-Herzegovina,Undefined,Thousands,GBP (£),2990.1873459999997
2011,Europe,"Europe, regional",Undefined,Thousands,GBP (£),131.01561
2011,Europe,Former Yugoslav Republic of Macedonia (FYROM),Undefined,Thousands,GBP (£),620.3830469999999
2011,Europe,Kosovo,Undefined,Thousands,GBP (£),7607.103244
2011,Europe,Moldova,Undefined,Thousands,GBP (£),1516.468793
2011,Europe,Montenegro,Undefined,Thousands,GBP (£),203.377629
2011,Europe,Serbia,Undefined,Thousands,GBP (£),1516.7459839999997
2011,Europe,Turkey,Undefined,Thousands,GBP (£),3437.954659999999
2011,Europe,Ukraine,Undefined,Thousands,GBP (£),828.8416720000001
2011,Pacific,,Undefined,Thousands,GBP (£),2486.085284
2011,Pacific,Fiji,Undefined,Thousands,GBP (£),130.04847199999998
2011,Pacific,Kiribati,Undefined,Thousands,GBP (£),15.69085
2011,Pacific,Marshall Islands,Undefined,Thousands,GBP (£),6.52151
2011,Pacific,"Oceania, regional",Undefined,Thousands,GBP (£),2044.652662
2011,Pacific,Papua New Guinea,Undefined,Thousands,GBP (£),-199.854375
2011,Pacific,Samoa,Undefined,Thousands,GBP (£),254.11669
2011,Pacific,Solomon Islands,Undefined,Thousands,GBP (£),115.646801
2011,Pacific,Tonga,Undefined,Thousands,GBP (£),20.912222
2011,Pacific,Tuvalu,Undefined,Thousands,GBP (£),31.11
2011,Pacific,Vanuatu,Undefined,Thousands,GBP (£),67.240452
2012,Africa,,Undefined,Thousands,GBP (£),2170852.8100990006
2012,Africa,"Africa, regional",Undefined,Thousands,GBP (£),146642.21227499994
2012,Africa,Algeria,Undefined,Thousands,GBP (£),2150.5037230000003
2012,Africa,Angola,Undefined,Thousands,GBP (£),351.63065099999994
2012,Africa,Benin,Undefined,Thousands,GBP (£),16.79289
2012,Africa,Botswana,Undefined,Thousands,GBP (£),568.4212719999999
2012,Africa,Burkina Faso,Undefined,Thousands,GBP (£),976.6197
2012,Africa,Burundi,Undefined,Thousands,GBP (£),733.8782080000001
2012,Africa,Cameroon,Undefined,Thousands,GBP (£),1237.0836080000004
2012,Africa,Cape Verde,Undefined,Thousands,GBP (£),632.5078090000001
2012,Africa,Central African Rep.,Undefined,Thousands,GBP (£),53.73724
2012,Africa,Chad,Undefined,Thousands,GBP (£),58.34437
2012,Africa,Democratic Republic of the Congo,Undefined,Thousands,GBP (£),138943.75185200002
2012,Africa,"Congo, Rep.",Undefined,Thousands,GBP (£),50.37866
2012,Africa,Cote d'Ivoire,Undefined,Thousands,GBP (£),47314.739794
2012,Africa,Djibouti,Undefined,Thousands,GBP (£),69.67293
2012,Africa,Egypt,Undefined,Thousands,GBP (£),8894.897823000007
2012,Africa,Eritrea,Undefined,Thousands,GBP (£),2528.617547
2012,Africa,Ethiopia,Undefined,Thousands,GBP (£),265685.24813400005
2012,Africa,Gambia,Undefined,Thousands,GBP (£),8822.68994700001
2012,Africa,Ghana,Undefined,Thousands,GBP (£),52457.41548100006
2012,Africa,Guinea,Undefined,Thousands,GBP (£),1643.88488
2012,Africa,Guinea-Bissau,Undefined,Thousands,GBP (£),57.065123
2012,Africa,Kenya,Undefined,Thousands,GBP (£),101655.539778
2012,Africa,Lesotho,Undefined,Thousands,GBP (£),3127.1334070000003
2012,Africa,Liberia,Undefined,Thousands,GBP (£),8620.75132
2012,Africa,Libya,Undefined,Thousands,GBP (£),9892.886276
2012,Africa,Madagascar,Undefined,Thousands,GBP (£),1796.525706
2012,Africa,Malawi,Undefined,Thousands,GBP (£),124252.91423000008
2012,Africa,Mali,Undefined,Thousands,GBP (£),410.671134
2012,Africa,Mauritania,Undefined,Thousands,GBP (£),131.37704
2012,Africa,Mauritius,Undefined,Thousands,GBP (£),20.709451
2012,Africa,Morocco,Undefined,Thousands,GBP (£),5437.848213999995
2012,Africa,Mozambique,Undefined,Thousands,GBP (£),81780.27744800004
2012,Africa,Namibia,Undefined,Thousands,GBP (£),190.064813
2012,Africa,Niger,Undefined,Thousands,GBP (£),38.174330000000005
2012,Africa,Nigeria,Undefined,Thousands,GBP (£),197313.24126700003
2012,Africa,"North of Sahara, regional",Undefined,Thousands,GBP (£),2410.11111
2012,Africa,Rwanda,Undefined,Thousands,GBP (£),28242.022756999995
2012,Africa,Senegal,Undefined,Thousands,GBP (£),3205.283561
2012,Africa,Seychelles,Undefined,Thousands,GBP (£),1142.882751
2012,Africa,Sierra Leone,Undefined,Thousands,GBP (£),62811.93675000001
2012,Africa,Somalia,Undefined,Thousands,GBP (£),89753.992563
2012,Africa,South Africa,Undefined,Thousands,GBP (£),-13962.072712000008
2012,Africa,"South of Sahara, regional",Undefined,Thousands,GBP (£),61676.83170200001
2012,Africa,South Sudan,Undefined,Thousands,GBP (£),108512.02596799996
2012,Africa,St. Helena,Undefined,Thousands,GBP (£),106156.101067
2012,Africa,Sudan,Undefined,Thousands,GBP (£),51758.16425299998
2012,Africa,Swaziland,Undefined,Thousands,GBP (£),4834.157577999999
2012,Africa,Tanzania,Undefined,Thousands,GBP (£),157103.73389499998
2012,Africa,Togo,Undefined,Thousands,GBP (£),33.419545
2012,Africa,Tunisia,Undefined,Thousands,GBP (£),7102.614623
2012,Africa,Uganda,Undefined,Thousands,GBP (£),93505.24101800004
2012,Africa,Zambia,Undefined,Thousands,GBP (£),53177.464985000006
2012,Africa,Zimbabwe,Undefined,Thousands,GBP (£),138830.69035400005
2012,Americas,,Undefined,Thousands,GBP (£),163595.04704900002
2012,Americas,"America, regional",Undefined,Thousands,GBP (£),56.949879
2012,Americas,Anguilla,Undefined,Thousands,GBP (£),347.132001
2012,Americas,Antigua and Barbuda,Undefined,Thousands,GBP (£),3.30736
2012,Americas,Argentina,Undefined,Thousands,GBP (£),2041.480661
2012,Americas,Belize,Undefined,Thousands,GBP (£),142.298936
2012,Americas,Bolivia,Undefined,Thousands,GBP (£),643.7624380000001
2012,Americas,Brazil,Undefined,Thousands,GBP (£),46836.00978799998
2012,Americas,Chile,Undefined,Thousands,GBP (£),885.508329
2012,Americas,Colombia,Undefined,Thousands,GBP (£),25050.696337
2012,Americas,Costa Rica,Undefined,Thousands,GBP (£),657.2806849999998
2012,Americas,Cuba,Undefined,Thousands,GBP (£),1448.775632
2012,Americas,Dominica,Undefined,Thousands,GBP (£),34.35026
2012,Americas,Dominican Republic,Undefined,Thousands,GBP (£),144.97088499999998
2012,Americas,Ecuador,Undefined,Thousands,GBP (£),340.437762
2012,Americas,El Salvador,Undefined,Thousands,GBP (£),-82.47900999999999
2012,Americas,Grenada,Undefined,Thousands,GBP (£),10.82476
2012,Americas,Guatemala,Undefined,Thousands,GBP (£),9478.164585000002
2012,Americas,Guyana,Undefined,Thousands,GBP (£),562.8281029999999
2012,Americas,Haiti,Undefined,Thousands,GBP (£),3263.66499
2012,Americas,Honduras,Undefined,Thousands,GBP (£),6874.842939
2012,Americas,Jamaica,Undefined,Thousands,GBP (£),8978.755371
2012,Americas,Mexico,Undefined,Thousands,GBP (£),3713.481915999999
2012,Americas,Montserrat,Undefined,Thousands,GBP (£),21265.418762
2012,Americas,Nicaragua,Undefined,Thousands,GBP (£),11403.727338
2012,Americas,"North & Central America, regional",Undefined,Thousands,GBP (£),1411.6861129999998
2012,Americas,Panama,Undefined,Thousands,GBP (£),433.856064
2012,Americas,Paraguay,Undefined,Thousands,GBP (£),75.572768
2012,Americas,Peru,Undefined,Thousands,GBP (£),2688.086135
2012,Americas,St. Kitts-Nevis,Undefined,Thousands,GBP (£),2354.2385360000003
2012,Americas,St. Lucia,Undefined,Thousands,GBP (£),160.81684399999995
2012,Americas,St.Vincent & Grenadines,Undefined,Thousands,GBP (£),47.86072
2012,Americas,Uruguay,Undefined,Thousands,GBP (£),123.378395
2012,Americas,Venezuela,Undefined,Thousands,GBP (£),1007.0625319999998
2012,Americas,"West Indies, regional",Undefined,Thousands,GBP (£),11190.298235
2012,Asia,,Undefined,Thousands,GBP (£),1372200.6128249995
2012,Asia,Afghanistan,Undefined,Thousands,GBP (£),273801.1544059998
2012,Asia,Armenia,Undefined,Thousands,GBP (£),832.1542400000001
2012,Asia,"Asia, regional",Undefined,Thousands,GBP (£),19967.158797
2012,Asia,Azerbaijan,Undefined,Thousands,GBP (£),1335.317862
2012,Asia,Bangladesh,Undefined,Thousands,GBP (£),196119.78116999997
2012,Asia,Bhutan,Undefined,Thousands,GBP (£),7.398458
2012,Asia,Cambodia,Undefined,Thousands,GBP (£),14573.814315999998
2012,Asia,China,Undefined,Thousands,GBP (£),27186.564947
2012,Asia,Georgia,Undefined,Thousands,GBP (£),4275.004603999999
2012,Asia,India,Undefined,Thousands,GBP (£),291791.3846350004
2012,Asia,Indonesia,Undefined,Thousands,GBP (£),6155.428878999999
2012,Asia,Iran,Undefined,Thousands,GBP (£),734.741951
2012,Asia,Iraq,Undefined,Thousands,GBP (£),6873.169993
2012,Asia,Jordan,Undefined,Thousands,GBP (£),4748.474554000003
2012,Asia,Kazakhstan,Undefined,Thousands,GBP (£),3292.046475
2012,Asia,Democratic People's Republic of Korea,Undefined,Thousands,GBP (£),756.3526830000001
2012,Asia,Kyrgyz Republic,Undefined,Thousands,GBP (£),4046.911104999999
2012,Asia,Laos,Undefined,Thousands,GBP (£),930.104
2012,Asia,Lebanon,Undefined,Thousands,GBP (£),4327.244989
2012,Asia,Malaysia,Undefined,Thousands,GBP (£),6394.984773
2012,Asia,Maldives,Undefined,Thousands,GBP (£),220.702875
2012,Asia,"Middle East, regional",Undefined,Thousands,GBP (£),32472.191141
2012,Asia,Mongolia,Undefined,Thousands,GBP (£),2932.853995
2012,Asia,Myanmar,Undefined,Thousands,GBP (£),30323.70103799999
2012,Asia,Nepal,Undefined,Thousands,GBP (£),69502.15719699995
2012,Asia,Pakistan,Undefined,Thousands,GBP (£),189217.73683
2012,Asia,Philippines,Undefined,Thousands,GBP (£),1664.3234470000002
2012,Asia,"South Asia, regional",Undefined,Thousands,GBP (£),1193.4821790000003
2012,Asia,Sri Lanka,Undefined,Thousands,GBP (£),5460.418909
2012,Asia,Syria,Undefined,Thousands,GBP (£),39547.305236
2012,Asia,Tajikistan,Undefined,Thousands,GBP (£),8627.481796000002
2012,Asia,Thailand,Undefined,Thousands,GBP (£),-13396.940684
2012,Asia,Timor-Leste,Undefined,Thousands,GBP (£),131.234916
2012,Asia,Turkmenistan,Undefined,Thousands,GBP (£),415.70686
2012,Asia,Uzbekistan,Undefined,Thousands,GBP (£),1635.9295409999995
2012,Asia,Vietnam,Undefined,Thousands,GBP (£),51664.40221199999
2012,Asia,West Bank & Gaza Strip,Undefined,Thousands,GBP (£),42883.79006899997
2012,Asia,Yemen,Undefined,Thousands,GBP (£),39554.94243099998
2012,"Developing countries, unspecified",,Undefined,Thousands,GBP (£),5057828.723759897
2012,Europe,,Undefined,Thousands,GBP (£),31862.60546000001
2012,Europe,Albania,Undefined,Thousands,GBP (£),642.6422859999999
2012,Europe,Belarus,Undefined,Thousands,GBP (£),554.357843
2012,Europe,Bosnia-Herzegovina,Undefined,Thousands,GBP (£),2256.041176
2012,Europe,"Europe, regional",Undefined,Thousands,GBP (£),138.893
2012,Europe,Former Yugoslav Republic of Macedonia (FYROM),Undefined,Thousands,GBP (£),1373.468336
2012,Europe,Kosovo,Undefined,Thousands,GBP (£),10290.636709000002
2012,Europe,Moldova,Undefined,Thousands,GBP (£),1180.625104
2012,Europe,Montenegro,Undefined,Thousands,GBP (£),487.864129
2012,Europe,Serbia,Undefined,Thousands,GBP (£),3280.2713360000007
2012,Europe,Turkey,Undefined,Thousands,GBP (£),8617.256973
2012,Europe,Ukraine,Undefined,Thousands,GBP (£),3040.548568
2012,Pacific,,Undefined,Thousands,GBP (£),5579.248233
2012,Pacific,Fiji,Undefined,Thousands,GBP (£),667.1181239999999
2012,Pacific,Kiribati,Undefined,Thousands,GBP (£),17.0451
2012,Pacific,Marshall Islands,Undefined,Thousands,GBP (£),5.390029999999999
2012,Pacific,"Oceania, regional",Undefined,Thousands,GBP (£),3275.089675
2012,Pacific,Papua New Guinea,Undefined,Thousands,GBP (£),1328.1935220000005
2012,Pacific,Solomon Islands,Undefined,Thousands,GBP (£),227.483186
2012,Pacific,Tonga,Undefined,Thousands,GBP (£),19.364108
2012,Pacific,Tuvalu,Undefined,Thousands,GBP (£),19.89
2012,Pacific,Vanuatu,Undefined,Thousands,GBP (£),19.674488
2013,Africa,,Undefined,Thousands,GBP (£),2494112.7677601427
2013,Africa,"Africa, regional",Undefined,Thousands,GBP (£),134006.76135999995
2013,Africa,Algeria,Undefined,Thousands,GBP (£),3111.491310000001
2013,Africa,Angola,Undefined,Thousands,GBP (£),358.557924
2013,Africa,Botswana,Undefined,Thousands,GBP (£),787.9940829999999
2013,Africa,Burkina Faso,Undefined,Thousands,GBP (£),541.90616
2013,Africa,Burundi,Undefined,Thousands,GBP (£),4176.652804
2013,Africa,Cameroon,Undefined,Thousands,GBP (£),841.9960288999998
2013,Africa,Cape Verde,Undefined,Thousands,GBP (£),40.89479
2013,Africa,Central African Rep.,Undefined,Thousands,GBP (£),1666.114
2013,Africa,Chad,Undefined,Thousands,GBP (£),9.5393
2013,Africa,Democratic Republic of the Congo,Undefined,Thousands,GBP (£),161640.33036399996
2013,Africa,Cote d'Ivoire,Undefined,Thousands,GBP (£),-409.09787
2013,Africa,Djibouti,Undefined,Thousands,GBP (£),66.27712
2013,Africa,Egypt,Undefined,Thousands,GBP (£),20998.615448000008
2013,Africa,Eritrea,Undefined,Thousands,GBP (£),4659.5258570000005
2013,Africa,Ethiopia,Undefined,Thousands,GBP (£),329434.74709500006
2013,Africa,Gambia,Undefined,Thousands,GBP (£),8102.1452675
2013,Africa,Ghana,Undefined,Thousands,GBP (£),103344.47991100996
2013,Africa,Guinea,Undefined,Thousands,GBP (£),3730.754614
2013,Africa,Guinea-Bissau,Undefined,Thousands,GBP (£),1.96771
2013,Africa,Kenya,Undefined,Thousands,GBP (£),159404.63823299998
2013,Africa,Lesotho,Undefined,Thousands,GBP (£),2725.262019
2013,Africa,Liberia,Undefined,Thousands,GBP (£),8724.465655000002
2013,Africa,Libya,Undefined,Thousands,GBP (£),15801.105164000002
2013,Africa,Madagascar,Undefined,Thousands,GBP (£),366.3091409999999
2013,Africa,Malawi,Undefined,Thousands,GBP (£),113297.01707501996
2013,Africa,Mali,Undefined,Thousands,GBP (£),1028.8891
2013,Africa,Mauritania,Undefined,Thousands,GBP (£),115.092768
2013,Africa,Mauritius,Undefined,Thousands,GBP (£),328.60462200000006
2013,Africa,Morocco,Undefined,Thousands,GBP (£),3832.0376190000006
2013,Africa,Mozambique,Undefined,Thousands,GBP (£),78731.64920700005
2013,Africa,Namibia,Undefined,Thousands,GBP (£),250.380992
2013,Africa,Nigeria,Undefined,Thousands,GBP (£),248733.67912350004
2013,Africa,"North of Sahara, regional",Undefined,Thousands,GBP (£),4019.6800869999993
2013,Africa,Rwanda,Undefined,Thousands,GBP (£),103394.31649299996
2013,Africa,Senegal,Undefined,Thousands,GBP (£),959.912641
2013,Africa,Seychelles,Undefined,Thousands,GBP (£),307.28571124900003
2013,Africa,Sierra Leone,Undefined,Thousands,GBP (£),69990.34413499998
2013,Africa,Somalia,Undefined,Thousands,GBP (£),107273.85065149998
2013,Africa,South Africa,Undefined,Thousands,GBP (£),35605.04346754999
2013,Africa,"South of Sahara, regional",Undefined,Thousands,GBP (£),104619.47389999995
2013,Africa,South Sudan,Undefined,Thousands,GBP (£),136478.27565000005
2013,Africa,St. Helena,Undefined,Thousands,GBP (£),83783.369654
2013,Africa,Sudan,Undefined,Thousands,GBP (£),69206.283198
2013,Africa,Swaziland,Undefined,Thousands,GBP (£),1287.137292212
2013,Africa,Tanzania,Undefined,Thousands,GBP (£),151896.00260799995
2013,Africa,Tunisia,Undefined,Thousands,GBP (£),4815.965448000002
2013,Africa,Uganda,Undefined,Thousands,GBP (£),56340.72666550011
2013,Africa,Zambia,Undefined,Thousands,GBP (£),59848.157404202
2013,Africa,Zimbabwe,Undefined,Thousands,GBP (£),93836.15875899998
2013,Americas,,Undefined,Thousands,GBP (£),147592.645144796
2013,Americas,"America, regional",Undefined,Thousands,GBP (£),94.882314
2013,Americas,Anguilla,Undefined,Thousands,GBP (£),1804.563821
2013,Americas,Antigua and Barbuda,Undefined,Thousands,GBP (£),19.9946
2013,Americas,Argentina,Undefined,Thousands,GBP (£),946.1014549999996
2013,Americas,Belize,Undefined,Thousands,GBP (£),1663.727406
2013,Americas,Bolivia,Undefined,Thousands,GBP (£),611.218588
2013,Americas,Brazil,Undefined,Thousands,GBP (£),5443.957780000003
2013,Americas,Chile,Undefined,Thousands,GBP (£),1973.398587
2013,Americas,Colombia,Undefined,Thousands,GBP (£),7186.819442000001
2013,Americas,Costa Rica,Undefined,Thousands,GBP (£),110.62482000000004
2013,Americas,Cuba,Undefined,Thousands,GBP (£),1096.1737359999995
2013,Americas,Dominica,Undefined,Thousands,GBP (£),31.824020000000004
2013,Americas,Dominican Republic,Undefined,Thousands,GBP (£),243.124367
2013,Americas,Ecuador,Undefined,Thousands,GBP (£),433.694617
2013,Americas,El Salvador,Undefined,Thousands,GBP (£),289.238562
2013,Americas,Grenada,Undefined,Thousands,GBP (£),2.43276
2013,Americas,Guatemala,Undefined,Thousands,GBP (£),49271.022558
2013,Americas,Guyana,Undefined,Thousands,GBP (£),405.5089300000001
2013,Americas,Haiti,Undefined,Thousands,GBP (£),9585.0
2013,Americas,Honduras,Undefined,Thousands,GBP (£),39.200354223
2013,Americas,Jamaica,Undefined,Thousands,GBP (£),12434.345986
2013,Americas,Mexico,Undefined,Thousands,GBP (£),5725.737139000002
2013,Americas,Montserrat,Undefined,Thousands,GBP (£),31222.464896
2013,Americas,Nicaragua,Undefined,Thousands,GBP (£),52.150358043
2013,Americas,"North & Central America, regional",Undefined,Thousands,GBP (£),1000.8679400000002
2013,Americas,Panama,Undefined,Thousands,GBP (£),420.899084766
2013,Americas,Paraguay,Undefined,Thousands,GBP (£),74.60079400000001
2013,Americas,Peru,Undefined,Thousands,GBP (£),2108.550556
2013,Americas,St. Kitts-Nevis,Undefined,Thousands,GBP (£),57.340641000000005
2013,Americas,St. Lucia,Undefined,Thousands,GBP (£),99.945887
2013,Americas,St.Vincent & Grenadines,Undefined,Thousands,GBP (£),30.59224
2013,Americas,Uruguay,Undefined,Thousands,GBP (£),357.49159749000006
2013,Americas,Venezuela,Undefined,Thousands,GBP (£),1989.270935
2013,Americas,"West Indies, regional",Undefined,Thousands,GBP (£),10765.878373273998
2013,Asia,,Undefined,Thousands,GBP (£),1948783.067417724
2013,Asia,Afghanistan,Undefined,Thousands,GBP (£),211851.8924203499
2013,Asia,Armenia,Undefined,Thousands,GBP (£),827.4687889999999
2013,Asia,"Asia, regional",Undefined,Thousands,GBP (£),33067.310876
2013,Asia,Azerbaijan,Undefined,Thousands,GBP (£),2649.903044
2013,Asia,Bangladesh,Undefined,Thousands,GBP (£),272005.113189
2013,Asia,Bhutan,Undefined,Thousands,GBP (£),1.009099
2013,Asia,Cambodia,Undefined,Thousands,GBP (£),10961.668184
2013,Asia,China,Undefined,Thousands,GBP (£),-17971.022179758034
2013,Asia,Georgia,Undefined,Thousands,GBP (£),4503.733678672
2013,Asia,India,Undefined,Thousands,GBP (£),268040.9849675703
2013,Asia,Indonesia,Undefined,Thousands,GBP (£),21980.616384999998
2013,Asia,Iran,Undefined,Thousands,GBP (£),357.41021
2013,Asia,Iraq,Undefined,Thousands,GBP (£),7008.472629024
2013,Asia,Jordan,Undefined,Thousands,GBP (£),16692.037006999995
2013,Asia,Kazakhstan,Undefined,Thousands,GBP (£),1787.9444119999996
2013,Asia,Democratic People's Republic of Korea,Undefined,Thousands,GBP (£),1309.468813
2013,Asia,Kyrgyz Republic,Undefined,Thousands,GBP (£),5366.758343752998
2013,Asia,Laos,Undefined,Thousands,GBP (£),945.575908
2013,Asia,Lebanon,Undefined,Thousands,GBP (£),8035.044528000003
2013,Asia,Malaysia,Undefined,Thousands,GBP (£),3807.97459394
2013,Asia,Maldives,Undefined,Thousands,GBP (£),153.675928
2013,Asia,"Middle East, regional",Undefined,Thousands,GBP (£),182172.0941
2013,Asia,Mongolia,Undefined,Thousands,GBP (£),427.215126
2013,Asia,Myanmar,Undefined,Thousands,GBP (£),99659.37044590004
2013,Asia,Nepal,Undefined,Thousands,GBP (£),93329.62132
2013,Asia,Pakistan,Undefined,Thousands,GBP (£),338219.59894269984
2013,Asia,Philippines,Undefined,Thousands,GBP (£),35071.75004400002
2013,Asia,"South Asia, regional",Undefined,Thousands,GBP (£),1750.166494
2013,Asia,Sri Lanka,Undefined,Thousands,GBP (£),9255.751162999995
2013,Asia,Syria,Undefined,Thousands,GBP (£),138749.9259149999
2013,Asia,Tajikistan,Undefined,Thousands,GBP (£),7755.722158806001
2013,Asia,Thailand,Undefined,Thousands,GBP (£),-945.3893180000003
2013,Asia,Timor-Leste,Undefined,Thousands,GBP (£),70.884522
2013,Asia,Turkmenistan,Undefined,Thousands,GBP (£),512.0683124669999
2013,Asia,Uzbekistan,Undefined,Thousands,GBP (£),1538.8793019999998
2013,Asia,Vietnam,Undefined,Thousands,GBP (£),23208.59821500001
2013,Asia,West Bank & Gaza Strip,Undefined,Thousands,GBP (£),69477.82513200001
2013,Asia,Yemen,Undefined,Thousands,GBP (£),95145.94471730008
2013,"Developing countries, unspecified",,Undefined,Thousands,GBP (£),6787208.070060468
2013,Europe,,Undefined,Thousands,GBP (£),24060.4675151
2013,Europe,Albania,Undefined,Thousands,GBP (£),758.54256
2013,Europe,Belarus,Undefined,Thousands,GBP (£),650.0931539999999
2013,Europe,Bosnia-Herzegovina,Undefined,Thousands,GBP (£),1839.4753241
2013,Europe,"Europe, regional",Undefined,Thousands,GBP (£),121.928
2013,Europe,Former Yugoslav Republic of Macedonia (FYROM),Undefined,Thousands,GBP (£),1923.470941
2013,Europe,Kosovo,Undefined,Thousands,GBP (£),5932.014606
2013,Europe,Moldova,Undefined,Thousands,GBP (£),1072.016416
2013,Europe,Montenegro,Undefined,Thousands,GBP (£),540.1168530000002
2013,Europe,Serbia,Undefined,Thousands,GBP (£),3233.6465620000004
2013,Europe,Turkey,Undefined,Thousands,GBP (£),5453.683273999999
2013,Europe,Ukraine,Undefined,Thousands,GBP (£),2535.4798249999994
2013,Pacific,,Undefined,Thousands,GBP (£),5103.432112
2013,Pacific,Fiji,Undefined,Thousands,GBP (£),953.220433
2013,Pacific,Kiribati,Undefined,Thousands,GBP (£),13.95582
2013,Pacific,Marshall Islands,Undefined,Thousands,GBP (£),2.013
2013,Pacific,"Oceania, regional",Undefined,Thousands,GBP (£),2854.959
2013,Pacific,Papua New Guinea,Undefined,Thousands,GBP (£),593.3433630000001
2013,Pacific,Samoa,Undefined,Thousands,GBP (£),174.2
2013,Pacific,Solomon Islands,Undefined,Thousands,GBP (£),431.303345
2013,Pacific,Tonga,Undefined,Thousands,GBP (£),21.656551
2013,Pacific,Tuvalu,Undefined,Thousands,GBP (£),2.013
2013,Pacific,Vanuatu,Undefined,Thousands,GBP (£),56.7676
2014,Africa,,Undefined,Thousands,GBP (£),2636502.363120264
2014,Africa,"Africa, regional",Undefined,Thousands,GBP (£),219625.148592
2014,Africa,Algeria,Undefined,Thousands,GBP (£),9772.335007
2014,Africa,Angola,Undefined,Thousands,GBP (£),915.876001
2014,Africa,Botswana,Undefined,Thousands,GBP (£),498.480264
2014,Africa,Burkina Faso,Undefined,Thousands,GBP (£),331.999274
2014,Africa,Burundi,Undefined,Thousands,GBP (£),6107.969736
2014,Africa,Cameroon,Undefined,Thousands,GBP (£),53539.65569700001
2014,Africa,Cape Verde,Undefined,Thousands,GBP (£),79.81621
2014,Africa,Central African Rep.,Undefined,Thousands,GBP (£),16064.62585
2014,Africa,Comoros,Undefined,Thousands,GBP (£),6.325
2014,Africa,Democratic Republic of the Congo,Undefined,Thousands,GBP (£),166593.60989300002
2014,Africa,Cote d'Ivoire,Undefined,Thousands,GBP (£),2031.646412
2014,Africa,Egypt,Undefined,Thousands,GBP (£),-24004.44083
2014,Africa,Eritrea,Undefined,Thousands,GBP (£),5877.311758000001
2014,Africa,Ethiopia,Undefined,Thousands,GBP (£),321708.04146626394
2014,Africa,Gabon,Undefined,Thousands,GBP (£),-220.628353
2014,Africa,Gambia,Undefined,Thousands,GBP (£),9169.939897000004
2014,Africa,Ghana,Undefined,Thousands,GBP (£),66086.251355
2014,Africa,Guinea,Undefined,Thousands,GBP (£),280.62164799999994
2014,Africa,Guinea-Bissau,Undefined,Thousands,GBP (£),73.45828999999999
2014,Africa,Kenya,Undefined,Thousands,GBP (£),134849.67529149997
2014,Africa,Lesotho,Undefined,Thousands,GBP (£),204.829759
2014,Africa,Liberia,Undefined,Thousands,GBP (£),5795.830045000001
2014,Africa,Libya,Undefined,Thousands,GBP (£),28663.14980100001
2014,Africa,Madagascar,Undefined,Thousands,GBP (£),-198.95954099999983
2014,Africa,Malawi,Undefined,Thousands,GBP (£),60474.91032099997
2014,Africa,Mali,Undefined,Thousands,GBP (£),2101.7669210000004
2014,Africa,Mauritania,Undefined,Thousands,GBP (£),571.244335
2014,Africa,Mauritius,Undefined,Thousands,GBP (£),744.6261890000003
2014,Africa,Morocco,Undefined,Thousands,GBP (£),7968.860777999999
2014,Africa,Mozambique,Undefined,Thousands,GBP (£),83966.50532299996
2014,Africa,Namibia,Undefined,Thousands,GBP (£),285.18688000000003
2014,Africa,Niger,Undefined,Thousands,GBP (£),110.090945
2014,Africa,Nigeria,Undefined,Thousands,GBP (£),236639.334462
2014,Africa,"North of Sahara, regional",Undefined,Thousands,GBP (£),0.09481
2014,Africa,Rwanda,Undefined,Thousands,GBP (£),48027.69081799997
2014,Africa,Sao Tome & Principe,Undefined,Thousands,GBP (£),95.22424
2014,Africa,Senegal,Undefined,Thousands,GBP (£),-70.63161300000007
2014,Africa,Seychelles,Undefined,Thousands,GBP (£),379.988936
2014,Africa,Sierra Leone,Undefined,Thousands,GBP (£),237747.31202299992
2014,Africa,Somalia,Undefined,Thousands,GBP (£),123791.398044
2014,Africa,South Africa,Undefined,Thousands,GBP (£),-18377.837630000005
2014,Africa,"South of Sahara, regional",Undefined,Thousands,GBP (£),106477.249309
2014,Africa,South Sudan,Undefined,Thousands,GBP (£),167059.97562300003
2014,Africa,St. Helena,Undefined,Thousands,GBP (£),75751.90986099998
2014,Africa,Sudan,Undefined,Thousands,GBP (£),49843.87204399999
2014,Africa,Swaziland,Undefined,Thousands,GBP (£),952.227214
2014,Africa,Tanzania,Undefined,Thousands,GBP (£),148764.8509665
2014,Africa,Tunisia,Undefined,Thousands,GBP (£),2081.785482
2014,Africa,Uganda,Undefined,Thousands,GBP (£),82179.08286799998
2014,Africa,Zambia,Undefined,Thousands,GBP (£),91059.476751
2014,Africa,Zimbabwe,Undefined,Thousands,GBP (£),104023.59869700002
2014,Americas,,Undefined,Thousands,GBP (£),73362.677958
2014,Americas,"America, regional",Undefined,Thousands,GBP (£),61.19336199999999
2014,Americas,Antigua and Barbuda,Undefined,Thousands,GBP (£),2.56983
2014,Americas,Argentina,Undefined,Thousands,GBP (£),960.726954
2014,Americas,Belize,Undefined,Thousands,GBP (£),973.045745
2014,Americas,Bolivia,Undefined,Thousands,GBP (£),684.8070940000001
2014,Americas,Brazil,Undefined,Thousands,GBP (£),10168.601849999992
2014,Americas,Chile,Undefined,Thousands,GBP (£),1588.8631829999997
2014,Americas,Colombia,Undefined,Thousands,GBP (£),6874.150841999999
2014,Americas,Costa Rica,Undefined,Thousands,GBP (£),3686.901193
2014,Americas,Cuba,Undefined,Thousands,GBP (£),3957.258924
2014,Americas,Dominica,Undefined,Thousands,GBP (£),0.27441
2014,Americas,Dominican Republic,Undefined,Thousands,GBP (£),408.614696
2014,Americas,Ecuador,Undefined,Thousands,GBP (£),243.980729
2014,Americas,El Salvador,Undefined,Thousands,GBP (£),212.215875
2014,Americas,Grenada,Undefined,Thousands,GBP (£),0.8003
2014,Americas,Guatemala,Undefined,Thousands,GBP (£),1077.2666459999998
2014,Americas,Guyana,Undefined,Thousands,GBP (£),1042.028592
2014,Americas,Haiti,Undefined,Thousands,GBP (£),4685.129795000001
2014,Americas,Honduras,Undefined,Thousands,GBP (£),26.934324
2014,Americas,Jamaica,Undefined,Thousands,GBP (£),6177.3938050000015
2014,Americas,Mexico,Undefined,Thousands,GBP (£),-958.6741690000008
2014,Americas,Montserrat,Undefined,Thousands,GBP (£),20302.060510000003
2014,Americas,Nicaragua,Undefined,Thousands,GBP (£),73.69234099999998
2014,Americas,"North & Central America, regional",Undefined,Thousands,GBP (£),2102.274322
2014,Americas,Panama,Undefined,Thousands,GBP (£),447.7070920000001
2014,Americas,Paraguay,Undefined,Thousands,GBP (£),149.875293
2014,Americas,Peru,Undefined,Thousands,GBP (£),10.851723999999727
2014,Americas,St. Lucia,Undefined,Thousands,GBP (£),188.448824
2014,Americas,St.Vincent & Grenadines,Undefined,Thousands,GBP (£),0.15397
2014,Americas,Uruguay,Undefined,Thousands,GBP (£),237.649206
2014,Americas,Venezuela,Undefined,Thousands,GBP (£),1428.2769200000002
2014,Americas,"West Indies, regional",Undefined,Thousands,GBP (£),6547.603775999998
2014,Asia,,Undefined,Thousands,GBP (£),1818014.1163495
2014,Asia,Afghanistan,Undefined,Thousands,GBP (£),197543.117436
2014,Asia,Armenia,Undefined,Thousands,GBP (£),972.89762
2014,Asia,"Asia, regional",Undefined,Thousands,GBP (£),42833.636527500006
2014,Asia,Azerbaijan,Undefined,Thousands,GBP (£),2100.389389000001
2014,Asia,Bangladesh,Undefined,Thousands,GBP (£),208244.6780790001
2014,Asia,Cambodia,Undefined,Thousands,GBP (£),1931.3786729999997
2014,Asia,China,Undefined,Thousands,GBP (£),-33600.64970699999
2014,Asia,Georgia,Undefined,Thousands,GBP (£),4337.530708000001
2014,Asia,India,Undefined,Thousands,GBP (£),278796.0482999999
2014,Asia,Indonesia,Undefined,Thousands,GBP (£),15696.2999995
2014,Asia,Iran,Undefined,Thousands,GBP (£),658.9315459999999
2014,Asia,Iraq,Undefined,Thousands,GBP (£),38370.492167
2014,Asia,Jordan,Undefined,Thousands,GBP (£),18538.298617000008
2014,Asia,Kazakhstan,Undefined,Thousands,GBP (£),1782.1940289999995
2014,Asia,Democratic People's Republic of Korea,Undefined,Thousands,GBP (£),277.199203
2014,Asia,Kyrgyz Republic,Undefined,Thousands,GBP (£),5951.631873000001
2014,Asia,Laos,Undefined,Thousands,GBP (£),1472.9438740000005
2014,Asia,Lebanon,Undefined,Thousands,GBP (£),26008.84943300001
2014,Asia,Malaysia,Undefined,Thousands,GBP (£),-1842.0456420000005
2014,Asia,Maldives,Undefined,Thousands,GBP (£),-52.675271
2014,Asia,"Middle East, regional",Undefined,Thousands,GBP (£),148604.0926
2014,Asia,Mongolia,Undefined,Thousands,GBP (£),444.284778
2014,Asia,Myanmar,Undefined,Thousands,GBP (£),73277.94171400002
2014,Asia,Nepal,Undefined,Thousands,GBP (£),111898.443102
2014,Asia,Pakistan,Undefined,Thousands,GBP (£),266324.2803190001
2014,Asia,Philippines,Undefined,Thousands,GBP (£),56022.099485000006
2014,Asia,"South Asia, regional",Undefined,Thousands,GBP (£),8334.912201500001
2014,Asia,Sri Lanka,Undefined,Thousands,GBP (£),5236.647014000001
2014,Asia,Syria,Undefined,Thousands,GBP (£),129631.03263499994
2014,Asia,Tajikistan,Undefined,Thousands,GBP (£),13794.761638000002
2014,Asia,Thailand,Undefined,Thousands,GBP (£),12109.243703
2014,Asia,Timor-Leste,Undefined,Thousands,GBP (£),45.26249
2014,Asia,Turkmenistan,Undefined,Thousands,GBP (£),365.999985
2014,Asia,Uzbekistan,Undefined,Thousands,GBP (£),1238.6021099999998
2014,Asia,Vietnam,Undefined,Thousands,GBP (£),15188.526696
2014,Asia,West Bank & Gaza Strip,Undefined,Thousands,GBP (£),83357.62486499995
2014,Asia,Yemen,Undefined,Thousands,GBP (£),82119.21415999999
2014,"Developing countries, unspecified",,Undefined,Thousands,GBP (£),7131571.794949004
2014,Europe,,Undefined,Thousands,GBP (£),33635.259431598
2014,Europe,Albania,Undefined,Thousands,GBP (£),540.3974060000002
2014,Europe,Belarus,Undefined,Thousands,GBP (£),471.6908299999999
2014,Europe,Bosnia-Herzegovina,Undefined,Thousands,GBP (£),3506.193495000001
2014,Europe,"Europe, regional",Undefined,Thousands,GBP (£),182.584113
2014,Europe,Former Yugoslav Republic of Macedonia (FYROM),Undefined,Thousands,GBP (£),2139.301426
2014,Europe,Kosovo,Undefined,Thousands,GBP (£),5839.246153000001
2014,Europe,Moldova,Undefined,Thousands,GBP (£),1463.593336
2014,Europe,Montenegro,Undefined,Thousands,GBP (£),506.54006
2014,Europe,Serbia,Undefined,Thousands,GBP (£),2995.2186335980014
2014,Europe,Turkey,Undefined,Thousands,GBP (£),8485.440834
2014,Europe,Ukraine,Undefined,Thousands,GBP (£),7505.053145000001
2014,Pacific,,Undefined,Thousands,GBP (£),7385.773717
2014,Pacific,Fiji,Undefined,Thousands,GBP (£),1085.640955
2014,Pacific,Kiribati,Undefined,Thousands,GBP (£),17.69795
2014,Pacific,Nauru,Undefined,Thousands,GBP (£),15.0
2014,Pacific,"Oceania, regional",Undefined,Thousands,GBP (£),4367.406668
2014,Pacific,Papua New Guinea,Undefined,Thousands,GBP (£),1096.935701
2014,Pacific,Solomon Islands,Undefined,Thousands,GBP (£),783.692484
2014,Pacific,Tonga,Undefined,Thousands,GBP (£),7.528689
2014,Pacific,Vanuatu,Undefined,Thousands,GBP (£),11.87127
2015,Africa,,Undefined,Thousands,GBP (£),2759071.9747713874
2015,Africa,"Africa, regional",Undefined,Thousands,GBP (£),225199.4434903877
2015,Africa,Algeria,Undefined,Thousands,GBP (£),2675.565587
2015,Africa,Angola,Undefined,Thousands,GBP (£),1296.4892760000002
2015,Africa,Botswana,Undefined,Thousands,GBP (£),1056.0663829999996
2015,Africa,Burkina Faso,Undefined,Thousands,GBP (£),88.331
2015,Africa,Burundi,Undefined,Thousands,GBP (£),205.083686
2015,Africa,Cameroon,Undefined,Thousands,GBP (£),6223.144047
2015,Africa,Cape Verde,Undefined,Thousands,GBP (£),116.81041
2015,Africa,Central African Rep.,Undefined,Thousands,GBP (£),18279.14104
2015,Africa,Comoros,Undefined,Thousands,GBP (£),4.9
2015,Africa,Democratic Republic of the Congo,Undefined,Thousands,GBP (£),142720.78801
2015,Africa,Cote d'Ivoire,Undefined,Thousands,GBP (£),698.07321
2015,Africa,Djibouti,Undefined,Thousands,GBP (£),18.68129
2015,Africa,Egypt,Undefined,Thousands,GBP (£),12124.644316999997
2015,Africa,Eritrea,Undefined,Thousands,GBP (£),303.8964
2015,Africa,Ethiopia,Undefined,Thousands,GBP (£),338779.32971200004
2015,Africa,Gambia,Undefined,Thousands,GBP (£),9542.444336000002
2015,Africa,Ghana,Undefined,Thousands,GBP (£),60629.50349
2015,Africa,Guinea,Undefined,Thousands,GBP (£),316.35516
2015,Africa,Guinea-Bissau,Undefined,Thousands,GBP (£),17.546
2015,Africa,Kenya,Undefined,Thousands,GBP (£),155574.52580099998
2015,Africa,Lesotho,Undefined,Thousands,GBP (£),429.280588
2015,Africa,Liberia,Undefined,Thousands,GBP (£),10671.524903
2015,Africa,Libya,Undefined,Thousands,GBP (£),10433.82337
2015,Africa,Madagascar,Undefined,Thousands,GBP (£),1337.2744279999995
2015,Africa,Malawi,Undefined,Thousands,GBP (£),85560.428937
2015,Africa,Mali,Undefined,Thousands,GBP (£),1830.240598
2015,Africa,Mauritania,Undefined,Thousands,GBP (£),118.624212
2015,Africa,Mauritius,Undefined,Thousands,GBP (£),777.0194789999999
2015,Africa,Morocco,Undefined,Thousands,GBP (£),3573.9325850000005
2015,Africa,Mozambique,Undefined,Thousands,GBP (£),50483.10667500001
2015,Africa,Namibia,Undefined,Thousands,GBP (£),296.98160299999995
2015,Africa,Nigeria,Undefined,Thousands,GBP (£),262685.441872
2015,Africa,"North of Sahara, regional",Undefined,Thousands,GBP (£),62.334
2015,Africa,Rwanda,Undefined,Thousands,GBP (£),101293.159562
2015,Africa,Senegal,Undefined,Thousands,GBP (£),1090.5897600000003
2015,Africa,Seychelles,Undefined,Thousands,GBP (£),323.63015200000007
2015,Africa,Sierra Leone,Undefined,Thousands,GBP (£),217706.9976479999
2015,Africa,Somalia,Undefined,Thousands,GBP (£),121828.412696
2015,Africa,South Africa,Undefined,Thousands,GBP (£),19095.25384100001
2015,Africa,"South of Sahara, regional",Undefined,Thousands,GBP (£),99437.80853
2015,Africa,South Sudan,Undefined,Thousands,GBP (£),207993.24719400005
2015,Africa,St. Helena,Undefined,Thousands,GBP (£),53476.2415
2015,Africa,Sudan,Undefined,Thousands,GBP (£),54600.616279
2015,Africa,Swaziland,Undefined,Thousands,GBP (£),169.059947
2015,Africa,Tanzania,Undefined,Thousands,GBP (£),204846.44100000005
2015,Africa,Togo,Undefined,Thousands,GBP (£),33.96334
2015,Africa,Tunisia,Undefined,Thousands,GBP (£),6308.469421999999
2015,Africa,Uganda,Undefined,Thousands,GBP (£),123348.36058
2015,Africa,Zambia,Undefined,Thousands,GBP (£),50493.222937
2015,Africa,Zimbabwe,Undefined,Thousands,GBP (£),92895.724488
2015,Americas,,Undefined,Thousands,GBP (£),159195.61851133333
2015,Americas,"America, regional",Undefined,Thousands,GBP (£),2311.79953
2015,Americas,Antigua and Barbuda,Undefined,Thousands,GBP (£),2.56983
2015,Americas,Argentina,Undefined,Thousands,GBP (£),1576.9050350000002
2015,Americas,Belize,Undefined,Thousands,GBP (£),1145.0873929999996
2015,Americas,Bolivia,Undefined,Thousands,GBP (£),825.80474
2015,Americas,Brazil,Undefined,Thousands,GBP (£),20886.263972
2015,Americas,Chile,Undefined,Thousands,GBP (£),4653.026201000002
2015,Americas,Colombia,Undefined,Thousands,GBP (£),40310.066625000014
2015,Americas,Costa Rica,Undefined,Thousands,GBP (£),1099.927695
2015,Americas,Cuba,Undefined,Thousands,GBP (£),1329.4828869999997
2015,Americas,Dominica,Undefined,Thousands,GBP (£),492.33002
2015,Americas,Dominican Republic,Undefined,Thousands,GBP (£),1460.8772340000005
2015,Americas,Ecuador,Undefined,Thousands,GBP (£),314.538093
2015,Americas,El Salvador,Undefined,Thousands,GBP (£),475.783856
2015,Americas,Grenada,Undefined,Thousands,GBP (£),47.65117
2015,Americas,Guatemala,Undefined,Thousands,GBP (£),1067.693907
2015,Americas,Guyana,Undefined,Thousands,GBP (£),2228.5404770000005
2015,Americas,Haiti,Undefined,Thousands,GBP (£),3850.346253
2015,Americas,Honduras,Undefined,Thousands,GBP (£),184.208357
2015,Americas,Jamaica,Undefined,Thousands,GBP (£),7709.416139999999
2015,Americas,Mexico,Undefined,Thousands,GBP (£),12926.957446
2015,Americas,Montserrat,Undefined,Thousands,GBP (£),33107.578081
2015,Americas,Nicaragua,Undefined,Thousands,GBP (£),159.851609
2015,Americas,"North & Central America, regional",Undefined,Thousands,GBP (£),4375.592766
2015,Americas,Panama,Undefined,Thousands,GBP (£),1871.443288
2015,Americas,Paraguay,Undefined,Thousands,GBP (£),488.34743900000007
2015,Americas,Peru,Undefined,Thousands,GBP (£),2158.151919
2015,Americas,"South America, regional",Undefined,Thousands,GBP (£),1114.2083533333334
2015,Americas,St. Lucia,Undefined,Thousands,GBP (£),175.37449400000003
2015,Americas,St.Vincent & Grenadines,Undefined,Thousands,GBP (£),110.17696
2015,Americas,Suriname,Undefined,Thousands,GBP (£),31.868051
2015,Americas,Uruguay,Undefined,Thousands,GBP (£),1523.348388
2015,Americas,Venezuela,Undefined,Thousands,GBP (£),1408.217222
2015,Americas,"West Indies, regional",Undefined,Thousands,GBP (£),7772.183080000001
2015,Asia,,Undefined,Thousands,GBP (£),2084431.7953811705
2015,Asia,Afghanistan,Undefined,Thousands,GBP (£),299927.55568800005
2015,Asia,Armenia,Undefined,Thousands,GBP (£),1187.8566470000003
2015,Asia,"Asia, regional",Undefined,Thousands,GBP (£),64515.559566692296
2015,Asia,Azerbaijan,Undefined,Thousands,GBP (£),2444.6071650000004
2015,Asia,Bangladesh,Undefined,Thousands,GBP (£),163696.597054
2015,Asia,Bhutan,Undefined,Thousands,GBP (£),75.675838
2015,Asia,Cambodia,Undefined,Thousands,GBP (£),2779.843349
2015,Asia,China,Undefined,Thousands,GBP (£),44641.01538499997
2015,Asia,Georgia,Undefined,Thousands,GBP (£),2853.937814
2015,Asia,India,Undefined,Thousands,GBP (£),185579.80718200005
2015,Asia,Indonesia,Undefined,Thousands,GBP (£),19863.814631
2015,Asia,Iran,Undefined,Thousands,GBP (£),992.540618
2015,Asia,Iraq,Undefined,Thousands,GBP (£),55437.155488
2015,Asia,Jordan,Undefined,Thousands,GBP (£),57448.513220000015
2015,Asia,Kazakhstan,Undefined,Thousands,GBP (£),5425.178274
2015,Asia,Democratic People's Republic of Korea,Undefined,Thousands,GBP (£),740.380507
2015,Asia,Kyrgyz Republic,Undefined,Thousands,GBP (£),2704.555731
2015,Asia,Laos,Undefined,Thousands,GBP (£),2338.3178929999995
2015,Asia,Lebanon,Undefined,Thousands,GBP (£),99533.44384500002
2015,Asia,Malaysia,Undefined,Thousands,GBP (£),5603.5314789999975
2015,Asia,Maldives,Undefined,Thousands,GBP (£),183.516734
2015,Asia,"Middle East, regional",Undefined,Thousands,GBP (£),20472.295074559577
2015,Asia,Mongolia,Undefined,Thousands,GBP (£),633.22529
2015,Asia,Myanmar,Undefined,Thousands,GBP (£),113894.952603
2015,Asia,Nepal,Undefined,Thousands,GBP (£),88210.04496899994
2015,Asia,Pakistan,Undefined,Thousands,GBP (£),373782.5654560001
2015,Asia,Philippines,Undefined,Thousands,GBP (£),9116.879648000002
2015,Asia,"South & Central Asia, regional",Undefined,Thousands,GBP (£),6174.658058918072
2015,Asia,"South Asia, regional",Undefined,Thousands,GBP (£),8192.212609999997
2015,Asia,Sri Lanka,Undefined,Thousands,GBP (£),24612.798475999996
2015,Asia,Syria,Undefined,Thousands,GBP (£),257707.95418200007
2015,Asia,Tajikistan,Undefined,Thousands,GBP (£),12064.373009999998
2015,Asia,Thailand,Undefined,Thousands,GBP (£),3764.4764580000015
2015,Asia,Timor-Leste,Undefined,Thousands,GBP (£),67.00131400000001
2015,Asia,Turkmenistan,Undefined,Thousands,GBP (£),459.151882
2015,Asia,Uzbekistan,Undefined,Thousands,GBP (£),1504.801594
2015,Asia,Vietnam,Undefined,Thousands,GBP (£),12322.280842000006
2015,Asia,West Bank & Gaza Strip,Undefined,Thousands,GBP (£),51428.265435
2015,Asia,Yemen,Undefined,Thousands,GBP (£),82050.45436999999
2015,"Developing countries, unspecified",,Undefined,Thousands,GBP (£),7069555.401197993
2015,Europe,,Undefined,Thousands,GBP (£),55051.99695670589
2015,Europe,Albania,Undefined,Thousands,GBP (£),658.539869
2015,Europe,Belarus,Undefined,Thousands,GBP (£),877.5143860000001
2015,Europe,Bosnia-Herzegovina,Undefined,Thousands,GBP (£),4431.742609
2015,Europe,"Europe, regional",Undefined,Thousands,GBP (£),1207.9253667058824
2015,Europe,Former Yugoslav Republic of Macedonia (FYROM),Undefined,Thousands,GBP (£),2143.6692370000005
2015,Europe,Kosovo,Undefined,Thousands,GBP (£),4686.396319999995
2015,Europe,Moldova,Undefined,Thousands,GBP (£),1292.487057
2015,Europe,Montenegro,Undefined,Thousands,GBP (£),1010.911796
2015,Europe,Serbia,Undefined,Thousands,GBP (£),3812.715688
2015,Europe,Turkey,Undefined,Thousands,GBP (£),6290.270819
2015,Europe,Ukraine,Undefined,Thousands,GBP (£),28639.823809000005
2015,Pacific,,Undefined,Thousands,GBP (£),8289.651523
2015,Pacific,Fiji,Undefined,Thousands,GBP (£),1262.291228
2015,Pacific,Kiribati,Undefined,Thousands,GBP (£),11.9284
2015,Pacific,"Oceania, regional",Undefined,Thousands,GBP (£),3073.2723
2015,Pacific,Papua New Guinea,Undefined,Thousands,GBP (£),947.184031
2015,Pacific,Solomon Islands,Undefined,Thousands,GBP (£),517.072671
2015,Pacific,Tonga,Undefined,Thousands,GBP (£),1.025667
2015,Pacific,Tuvalu,Undefined,Thousands,GBP (£),25.885776
2015,Pacific,Vanuatu,Undefined,Thousands,GBP (£),2450.99145
2016,Africa,,Undefined,Thousands,GBP (£),2858083.112321687
2016,Africa,"Africa, regional",Undefined,Thousands,GBP (£),336870.3325711091
2016,Africa,Algeria,Undefined,Thousands,GBP (£),3252.253669413501
2016,Africa,Angola,Undefined,Thousands,GBP (£),390.77324
2016,Africa,Botswana,Undefined,Thousands,GBP (£),278.70715724670004
2016,Africa,Burkina Faso,Undefined,Thousands,GBP (£),131.70198
2016,Africa,Burundi,Undefined,Thousands,GBP (£),3188.6911800000007
2016,Africa,Cameroon,Undefined,Thousands,GBP (£),1705.1589300000005
2016,Africa,Cape Verde,Undefined,Thousands,GBP (£),77.44679
2016,Africa,Central African Rep.,Undefined,Thousands,GBP (£),18913.56119
2016,Africa,Comoros,Undefined,Thousands,GBP (£),10.0
2016,Africa,Democratic Republic of the Congo,Undefined,Thousands,GBP (£),129546.01059
2016,Africa,"Congo, Rep.",Undefined,Thousands,GBP (£),89.32425
2016,Africa,Cote d'Ivoire,Undefined,Thousands,GBP (£),585.4852199999999
2016,Africa,Egypt,Undefined,Thousands,GBP (£),11479.470741696838
2016,Africa,Eritrea,Undefined,Thousands,GBP (£),594.29408
2016,Africa,Ethiopia,Undefined,Thousands,GBP (£),334319.5523603372
2016,Africa,Gabon,Undefined,Thousands,GBP (£),150.0
2016,Africa,Gambia,Undefined,Thousands,GBP (£),10804.321190000002
2016,Africa,Ghana,Undefined,Thousands,GBP (£),58147.16685604714
2016,Africa,Guinea,Undefined,Thousands,GBP (£),110.75675
2016,Africa,Guinea-Bissau,Undefined,Thousands,GBP (£),22.02
2016,Africa,Kenya,Undefined,Thousands,GBP (£),133812.80334302032
2016,Africa,Lesotho,Undefined,Thousands,GBP (£),5692.81236
2016,Africa,Liberia,Undefined,Thousands,GBP (£),1561.0910199999998
2016,Africa,Libya,Undefined,Thousands,GBP (£),14352.535313852
2016,Africa,Madagascar,Undefined,Thousands,GBP (£),642.26416
2016,Africa,Malawi,Undefined,Thousands,GBP (£),102729.2896651866
2016,Africa,Mali,Undefined,Thousands,GBP (£),2510.0566600000006
2016,Africa,Mauritius,Undefined,Thousands,GBP (£),192.877190764351
2016,Africa,Morocco,Undefined,Thousands,GBP (£),3153.710554355591
2016,Africa,Mozambique,Undefined,Thousands,GBP (£),54528.20591910925
2016,Africa,Namibia,Undefined,Thousands,GBP (£),136.7349861562495
2016,Africa,Nigeria,Undefined,Thousands,GBP (£),319583.3842037788
2016,Africa,"North of Sahara, regional",Undefined,Thousands,GBP (£),515.778
2016,Africa,Rwanda,Undefined,Thousands,GBP (£),68833.39754389877
2016,Africa,Sao Tome & Principe,Undefined,Thousands,GBP (£),58.44066
2016,Africa,Senegal,Undefined,Thousands,GBP (£),1619.7373945317163
2016,Africa,Seychelles,Undefined,Thousands,GBP (£),122.43241
2016,Africa,Sierra Leone,Undefined,Thousands,GBP (£),153685.38133409512
2016,Africa,Somalia,Undefined,Thousands,GBP (£),151715.2203331737
2016,Africa,South Africa,Undefined,Thousands,GBP (£),12286.280631491862
2016,Africa,"South of Sahara, regional",Undefined,Thousands,GBP (£),154289.14340547234
2016,Africa,South Sudan,Undefined,Thousands,GBP (£),160893.22441561485
2016,Africa,St. Helena,Undefined,Thousands,GBP (£),74969.53357999996
2016,Africa,Sudan,Undefined,Thousands,GBP (£),64952.72127104903
2016,Africa,Swaziland,Undefined,Thousands,GBP (£),4.38545
2016,Africa,Tanzania,Undefined,Thousands,GBP (£),186209.48753096015
2016,Africa,Tunisia,Undefined,Thousands,GBP (£),9838.137830467069
2016,Africa,Uganda,Undefined,Thousands,GBP (£),110941.39958540876
2016,Africa,Zambia,Undefined,Thousands,GBP (£),57842.622751855895
2016,Africa,Zimbabwe,Undefined,Thousands,GBP (£),99742.99407159456
2016,Americas,,Undefined,Thousands,GBP (£),242196.66452463536
2016,Americas,"America, regional",Undefined,Thousands,GBP (£),5540.764759999999
2016,Americas,Antigua and Barbuda,Undefined,Thousands,GBP (£),1.42374
2016,Americas,Argentina,Undefined,Thousands,GBP (£),1007.6579481640532
2016,Americas,Belize,Undefined,Thousands,GBP (£),422.62563
2016,Americas,Bolivia,Undefined,Thousands,GBP (£),219.90007
2016,Americas,Brazil,Undefined,Thousands,GBP (£),53673.85552590032
2016,Americas,Chile,Undefined,Thousands,GBP (£),6723.698693299089
2016,Americas,Colombia,Undefined,Thousands,GBP (£),24882.762322246104
2016,Americas,Costa Rica,Undefined,Thousands,GBP (£),803.2238
2016,Americas,Cuba,Undefined,Thousands,GBP (£),2688.3361927040505
2016,Americas,Dominica,Undefined,Thousands,GBP (£),44.40593
2016,Americas,Dominican Republic,Undefined,Thousands,GBP (£),7.0205
2016,Americas,Ecuador,Undefined,Thousands,GBP (£),92.39329
2016,Americas,El Salvador,Undefined,Thousands,GBP (£),36.4264
2016,Americas,Grenada,Undefined,Thousands,GBP (£),0.27015
2016,Americas,Guatemala,Undefined,Thousands,GBP (£),1100.0988300000004
2016,Americas,Guyana,Undefined,Thousands,GBP (£),657.83963
2016,Americas,Haiti,Undefined,Thousands,GBP (£),5996.37136
2016,Americas,Honduras,Undefined,Thousands,GBP (£),175.67908
2016,Americas,Jamaica,Undefined,Thousands,GBP (£),6459.871336011714
2016,Americas,Mexico,Undefined,Thousands,GBP (£),11465.163775403713
2016,Americas,Montserrat,Undefined,Thousands,GBP (£),28533.708709999995
2016,Americas,Nicaragua,Undefined,Thousands,GBP (£),15.97559
2016,Americas,"North & Central America, regional",Undefined,Thousands,GBP (£),24573.476942012152
2016,Americas,Panama,Undefined,Thousands,GBP (£),856.7669899999999
2016,Americas,Paraguay,Undefined,Thousands,GBP (£),121.31673
2016,Americas,Peru,Undefined,Thousands,GBP (£),2989.1045400000003
2016,Americas,St. Lucia,Undefined,Thousands,GBP (£),42.71031
2016,Americas,St.Vincent & Grenadines,Undefined,Thousands,GBP (£),0.0588
2016,Americas,Uruguay,Undefined,Thousands,GBP (£),694.0127455287519
2016,Americas,Venezuela,Undefined,Thousands,GBP (£),1003.999513365466
2016,Americas,"West Indies, regional",Undefined,Thousands,GBP (£),61365.74468999999
2016,Asia,,Undefined,Thousands,GBP (£),2344122.032024888
2016,Asia,Afghanistan,Undefined,Thousands,GBP (£),235318.0154259516
2016,Asia,Armenia,Undefined,Thousands,GBP (£),438.31988737461097
2016,Asia,"Asia, regional",Undefined,Thousands,GBP (£),68681.69272716877
2016,Asia,Azerbaijan,Undefined,Thousands,GBP (£),1008.332316136214
2016,Asia,Bangladesh,Undefined,Thousands,GBP (£),148540.03090877994
2016,Asia,Bhutan,Undefined,Thousands,GBP (£),61.64461
2016,Asia,Cambodia,Undefined,Thousands,GBP (£),2045.458877575959
2016,Asia,China,Undefined,Thousands,GBP (£),46901.974274989305
2016,Asia,Georgia,Undefined,Thousands,GBP (£),761.838691586744
2016,Asia,India,Undefined,Thousands,GBP (£),92620.38743622712
2016,Asia,Indonesia,Undefined,Thousands,GBP (£),17449.293078435385
2016,Asia,Iran,Undefined,Thousands,GBP (£),791.698396486631
2016,Asia,Iraq,Undefined,Thousands,GBP (£),118881.06149675346
2016,Asia,Jordan,Undefined,Thousands,GBP (£),174853.120897171
2016,Asia,Kazakhstan,Undefined,Thousands,GBP (£),3485.14113882028
2016,Asia,Democratic People's Republic of Korea,Undefined,Thousands,GBP (£),215.97386
2016,Asia,Kyrgyz Republic,Undefined,Thousands,GBP (£),1010.24917
2016,Asia,Laos,Undefined,Thousands,GBP (£),997.15095
2016,Asia,Lebanon,Undefined,Thousands,GBP (£),124037.21655740224
2016,Asia,Malaysia,Undefined,Thousands,GBP (£),4263.13506955454
2016,Asia,Maldives,Undefined,Thousands,GBP (£),137.18673
2016,Asia,"Middle East, regional",Undefined,Thousands,GBP (£),36643.75798013557
2016,Asia,Mongolia,Undefined,Thousands,GBP (£),362.5285
2016,Asia,Myanmar,Undefined,Thousands,GBP (£),106922.40268705304
2016,Asia,Nepal,Undefined,Thousands,GBP (£),103029.9784738891
2016,Asia,Pakistan,Undefined,Thousands,GBP (£),462648.3400708567
2016,Asia,Philippines,Undefined,Thousands,GBP (£),5665.696602251232
2016,Asia,"South Asia, regional",Undefined,Thousands,GBP (£),58131.1057899586
2016,Asia,Sri Lanka,Undefined,Thousands,GBP (£),5492.198712518271
2016,Asia,Syria,Undefined,Thousands,GBP (£),351795.9146541191
2016,Asia,Tajikistan,Undefined,Thousands,GBP (£),4392.841059999999
2016,Asia,Thailand,Undefined,Thousands,GBP (£),6709.257136572939
2016,Asia,Timor-Leste,Undefined,Thousands,GBP (£),18.38869
2016,Asia,Turkmenistan,Undefined,Thousands,GBP (£),83.85541
2016,Asia,Uzbekistan,Undefined,Thousands,GBP (£),982.167893612804
2016,Asia,Vietnam,Undefined,Thousands,GBP (£),9165.992899872745
2016,Asia,West Bank & Gaza Strip,Undefined,Thousands,GBP (£),22728.74465891602
2016,Asia,Yemen,Undefined,Thousands,GBP (£),126849.93830471848
2016,"Developing countries, unspecified",,Undefined,Thousands,GBP (£),7770677.467691232
2016,Europe,,Undefined,Thousands,GBP (£),156301.83341628767
2016,Europe,Albania,Undefined,Thousands,GBP (£),368.307304110444
2016,Europe,Belarus,Undefined,Thousands,GBP (£),392.98822
2016,Europe,Bosnia-Herzegovina,Undefined,Thousands,GBP (£),3625.7786988790967
2016,Europe,"Europe, regional",Undefined,Thousands,GBP (£),16573.775721965198
2016,Europe,Former Yugoslav Republic of Macedonia (FYROM),Undefined,Thousands,GBP (£),1838.6553988165235
2016,Europe,Kosovo,Undefined,Thousands,GBP (£),3500.3978507974543
2016,Europe,Moldova,Undefined,Thousands,GBP (£),209.57984
2016,Europe,Montenegro,Undefined,Thousands,GBP (£),583.4073699999999
2016,Europe,Serbia,Undefined,Thousands,GBP (£),2080.806006901445
2016,Europe,Turkey,Undefined,Thousands,GBP (£),95513.37316405654
2016,Europe,Ukraine,Undefined,Thousands,GBP (£),31614.763840760992
2016,Pacific,,Undefined,Thousands,GBP (£),5750.278498
2016,Pacific,Fiji,Undefined,Thousands,GBP (£),194.04664
2016,Pacific,Kiribati,Undefined,Thousands,GBP (£),11.85453
2016,Pacific,"Oceania, regional",Undefined,Thousands,GBP (£),3687.94622
2016,Pacific,Papua New Guinea,Undefined,Thousands,GBP (£),784.571578
2016,Pacific,Solomon Islands,Undefined,Thousands,GBP (£),112.02395
2016,Pacific,Vanuatu,Undefined,Thousands,GBP (£),959.83558
2017,Africa,,Undefined,Thousands,GBP (£),2996212.350950772
2017,Africa,"Africa, regional",Undefined,Thousands,GBP (£),318533.48465186026
2017,Africa,Algeria,Undefined,Thousands,GBP (£),6709.95362
2017,Africa,Angola,Undefined,Thousands,GBP (£),531.86246
2017,Africa,Benin,Undefined,Thousands,GBP (£),317.82546
2017,Africa,Botswana,Undefined,Thousands,GBP (£),1072.3667999999998
2017,Africa,Burkina Faso,Undefined,Thousands,GBP (£),1748.06207
2017,Africa,Burundi,Undefined,Thousands,GBP (£),4915.61131
2017,Africa,Cameroon,Undefined,Thousands,GBP (£),2062.24544
2017,Africa,Cape Verde,Undefined,Thousands,GBP (£),287.93324
2017,Africa,Central African Rep.,Undefined,Thousands,GBP (£),13652.36749
2017,Africa,Chad,Undefined,Thousands,GBP (£),21.19436
2017,Africa,Comoros,Undefined,Thousands,GBP (£),28.855
2017,Africa,Democratic Republic of the Congo,Undefined,Thousands,GBP (£),166227.79285000003
2017,Africa,"Congo, Rep.",Undefined,Thousands,GBP (£),351.86256000000003
2017,Africa,"Congo, Rep.",Undefined,Thousands,GBP (£),1500.0
2017,Africa,Cote d'Ivoire,Undefined,Thousands,GBP (£),383.38635
2017,Africa,Djibouti,Undefined,Thousands,GBP (£),38.92178
2017,Africa,Egypt,Undefined,Thousands,GBP (£),23127.58745
2017,Africa,Eritrea,Undefined,Thousands,GBP (£),628.504
2017,Africa,Ethiopia,Undefined,Thousands,GBP (£),326130.9227367002
2017,Africa,Gabon,Undefined,Thousands,GBP (£),22.5132
2017,Africa,Gambia,Undefined,Thousands,GBP (£),15454.0127343
2017,Africa,Ghana,Undefined,Thousands,GBP (£),56445.24283999996
2017,Africa,Guinea,Undefined,Thousands,GBP (£),430.62031
2017,Africa,Guinea-Bissau,Undefined,Thousands,GBP (£),21.8268
2017,Africa,Kenya,Undefined,Thousands,GBP (£),152806.68399624995
2017,Africa,Lesotho,Undefined,Thousands,GBP (£),358.13628
2017,Africa,Liberia,Undefined,Thousands,GBP (£),3130.62773
2017,Africa,Libya,Undefined,Thousands,GBP (£),14720.784140000002
2017,Africa,Madagascar,Undefined,Thousands,GBP (£),2165.93442
2017,Africa,Malawi,Undefined,Thousands,GBP (£),89561.43217000001
2017,Africa,Mali,Undefined,Thousands,GBP (£),2678.12082
2017,Africa,Mauritania,Undefined,Thousands,GBP (£),65.63121
2017,Africa,Mauritius,Undefined,Thousands,GBP (£),315.83268000000004
2017,Africa,Morocco,Undefined,Thousands,GBP (£),5704.902950000001
2017,Africa,Mozambique,Undefined,Thousands,GBP (£),57526.29469999998
2017,Africa,Namibia,Undefined,Thousands,GBP (£),630.97182
2017,Africa,Niger,Undefined,Thousands,GBP (£),141.80054
2017,Africa,Nigeria,Undefined,Thousands,GBP (£),327199.18515000003
2017,Africa,"North of Sahara, regional",Undefined,Thousands,GBP (£),3662.47463
2017,Africa,Rwanda,Undefined,Thousands,GBP (£),59469.08555289999
2017,Africa,Sao Tome & Principe,Undefined,Thousands,GBP (£),102.56763
2017,Africa,Senegal,Undefined,Thousands,GBP (£),1421.88229
2017,Africa,Seychelles,Undefined,Thousands,GBP (£),338.29253
2017,Africa,Sierra Leone,Undefined,Thousands,GBP (£),117946.51420500006
2017,Africa,Somalia,Undefined,Thousands,GBP (£),282036.5501300001
2017,Africa,South Africa,Undefined,Thousands,GBP (£),19111.34310099999
2017,Africa,"South of Sahara, regional",Undefined,Thousands,GBP (£),168361.41791699996
2017,Africa,South Sudan,Undefined,Thousands,GBP (£),168235.63778
2017,Africa,St. Helena,Undefined,Thousands,GBP (£),50707.77809000001
2017,Africa,Sudan,Undefined,Thousands,GBP (£),62985.35784430001
2017,Africa,Swaziland,Undefined,Thousands,GBP (£),304.05585
2017,Africa,Tanzania,Undefined,Thousands,GBP (£),166567.32279058013
2017,Africa,Tunisia,Undefined,Thousands,GBP (£),10372.054999999998
2017,Africa,Uganda,Undefined,Thousands,GBP (£),140297.35322588
2017,Africa,Zambia,Undefined,Thousands,GBP (£),53068.00556500001
2017,Africa,Zimbabwe,Undefined,Thousands,GBP (£),93573.36269999995
2017,Americas,,Undefined,Thousands,GBP (£),345786.57484723337
2017,Americas,"America, regional",Undefined,Thousands,GBP (£),4977.01002
2017,Americas,Antigua and Barbuda,Undefined,Thousands,GBP (£),7.48491
2017,Americas,Argentina,Undefined,Thousands,GBP (£),2653.61796
2017,Americas,Belize,Undefined,Thousands,GBP (£),700.4875299999999
2017,Americas,Bolivia,Undefined,Thousands,GBP (£),464.60789
2017,Americas,Brazil,Undefined,Thousands,GBP (£),21724.602485
2017,Americas,Chile,Undefined,Thousands,GBP (£),2198.9937400000003
2017,Americas,Colombia,Undefined,Thousands,GBP (£),24106.25971
2017,Americas,Costa Rica,Undefined,Thousands,GBP (£),635.52543
2017,Americas,Cuba,Undefined,Thousands,GBP (£),4351.0430400000005
2017,Americas,Dominica,Undefined,Thousands,GBP (£),78.73357
2017,Americas,Dominican Republic,Undefined,Thousands,GBP (£),282.76448
2017,Americas,Ecuador,Undefined,Thousands,GBP (£),289.82963
2017,Americas,El Salvador,Undefined,Thousands,GBP (£),252.79285
2017,Americas,Grenada,Undefined,Thousands,GBP (£),81.96224
2017,Americas,Guatemala,Undefined,Thousands,GBP (£),963.19601
2017,Americas,Guyana,Undefined,Thousands,GBP (£),1374.92315
2017,Americas,Haiti,Undefined,Thousands,GBP (£),4871.223220000001
2017,Americas,Honduras,Undefined,Thousands,GBP (£),474.3131000000001
2017,Americas,Jamaica,Undefined,Thousands,GBP (£),7834.4689414
2017,Americas,Mexico,Undefined,Thousands,GBP (£),13287.518029999996
2017,Americas,Montserrat,Undefined,Thousands,GBP (£),27493.61965
2017,Americas,Nicaragua,Undefined,Thousands,GBP (£),261.46604
2017,Americas,"North & Central America, regional",Undefined,Thousands,GBP (£),15473.13106
2017,Americas,Panama,Undefined,Thousands,GBP (£),1052.30345
2017,Americas,Paraguay,Undefined,Thousands,GBP (£),303.04673
2017,Americas,Peru,Undefined,Thousands,GBP (£),3520.258910000001
2017,Americas,"South America, regional",Undefined,Thousands,GBP (£),112041.64816083333
2017,Americas,St. Lucia,Undefined,Thousands,GBP (£),119.50161
2017,Americas,St.Vincent & Grenadines,Undefined,Thousands,GBP (£),163.11676
2017,Americas,Suriname,Undefined,Thousands,GBP (£),22.38433
2017,Americas,Uruguay,Undefined,Thousands,GBP (£),303.38586
2017,Americas,Venezuela,Undefined,Thousands,GBP (£),1363.72582
2017,Americas,"West Indies, regional",Undefined,Thousands,GBP (£),92057.62853000002
2017,Asia,,Undefined,Thousands,GBP (£),2330189.2839315697
2017,Asia,Afghanistan,Undefined,Thousands,GBP (£),226947.84289
2017,Asia,Armenia,Undefined,Thousands,GBP (£),980.3138
2017,Asia,"Asia, regional",Undefined,Thousands,GBP (£),108272.89347217
2017,Asia,Azerbaijan,Undefined,Thousands,GBP (£),1570.7255
2017,Asia,Bangladesh,Undefined,Thousands,GBP (£),175830.09561000005
2017,Asia,Bhutan,Undefined,Thousands,GBP (£),354.9706
2017,Asia,Burma,Undefined,Thousands,GBP (£),120909.85641000008
2017,Asia,Cambodia,Undefined,Thousands,GBP (£),3984.92926
2017,Asia,"Central Asia, regional",Undefined,Thousands,GBP (£),5186.12971
2017,Asia,China,Undefined,Thousands,GBP (£),43911.35043210005
2017,Asia,"Far East Asia, regional",Undefined,Thousands,GBP (£),404.97417
2017,Asia,Georgia,Undefined,Thousands,GBP (£),834.7754500000001
2017,Asia,India,Undefined,Thousands,GBP (£),90137.69095980006
2017,Asia,Indonesia,Undefined,Thousands,GBP (£),25433.517259999997
2017,Asia,Iran,Undefined,Thousands,GBP (£),1621.25482
2017,Asia,Iraq,Undefined,Thousands,GBP (£),82836.72631
2017,Asia,Jordan,Undefined,Thousands,GBP (£),60978.79428999999
2017,Asia,Kazakhstan,Undefined,Thousands,GBP (£),1184.4882199999995
2017,Asia,Democratic People's Republic of Korea,Undefined,Thousands,GBP (£),40.05607
2017,Asia,Kyrgyz Republic,Undefined,Thousands,GBP (£),3556.31991
2017,Asia,Laos,Undefined,Thousands,GBP (£),653.6254
2017,Asia,Lebanon,Undefined,Thousands,GBP (£),115182.71176
2017,Asia,Malaysia,Undefined,Thousands,GBP (£),13121.472619999991
2017,Asia,Maldives,Undefined,Thousands,GBP (£),229.27376
2017,Asia,"Middle East, regional",Undefined,Thousands,GBP (£),64541.529715
2017,Asia,Mongolia,Undefined,Thousands,GBP (£),448.67808
2017,Asia,Nepal,Undefined,Thousands,GBP (£),100283.44107999987
2017,Asia,Pakistan,Undefined,Thousands,GBP (£),402496.59064
2017,Asia,Philippines,Undefined,Thousands,GBP (£),7493.459689999999
2017,Asia,"South & Central Asia, regional",Undefined,Thousands,GBP (£),63535.21535300001
2017,Asia,"South Asia, regional",Undefined,Thousands,GBP (£),2453.6578400000003
2017,Asia,Sri Lanka,Undefined,Thousands,GBP (£),5683.0180795
2017,Asia,Syria,Undefined,Thousands,GBP (£),313828.36657
2017,Asia,Tajikistan,Undefined,Thousands,GBP (£),2292.53201
2017,Asia,Thailand,Undefined,Thousands,GBP (£),7208.68161
2017,Asia,Timor-Leste,Undefined,Thousands,GBP (£),229.77246
2017,Asia,Turkmenistan,Undefined,Thousands,GBP (£),223.50031
2017,Asia,Uzbekistan,Undefined,Thousands,GBP (£),2230.14981
2017,Asia,Vietnam,Undefined,Thousands,GBP (£),6786.116160000002
2017,Asia,West Bank & Gaza Strip,Undefined,Thousands,GBP (£),61367.05906
2017,Asia,Yemen,Undefined,Thousands,GBP (£),204922.72678
2017,"Developing countries, unspecified",,Undefined,Thousands,GBP (£),8158264.89852041
2017,Europe,,Undefined,Thousands,GBP (£),222774.2315573
2017,Europe,Albania,Undefined,Thousands,GBP (£),744.8510799999999
2017,Europe,Belarus,Undefined,Thousands,GBP (£),706.86442
2017,Europe,Bosnia-Herzegovina,Undefined,Thousands,GBP (£),3582.38863
2017,Europe,"Europe, regional",Undefined,Thousands,GBP (£),54778.37262729998
2017,Europe,Former Yugoslav Republic of Macedonia (FYROM),Undefined,Thousands,GBP (£),1956.56584
2017,Europe,Kosovo,Undefined,Thousands,GBP (£),3251.471
2017,Europe,Moldova,Undefined,Thousands,GBP (£),215.95309
2017,Europe,Montenegro,Undefined,Thousands,GBP (£),1037.37076
2017,Europe,Serbia,Undefined,Thousands,GBP (£),2390.4965299999994
2017,Europe,States Ex-Yugoslavia unspecified,Undefined,Thousands,GBP (£),210.02395
2017,Europe,Turkey,Undefined,Thousands,GBP (£),137907.08742
2017,Europe,Ukraine,Undefined,Thousands,GBP (£),15992.786209999998
2017,Pacific,,Undefined,Thousands,GBP (£),5861.893099999999
2017,Pacific,Fiji,Undefined,Thousands,GBP (£),1103.43293
2017,Pacific,Kiribati,Undefined,Thousands,GBP (£),18.08269
2017,Pacific,Marshall Islands,Undefined,Thousands,GBP (£),238.95727
2017,Pacific,Micronesia,Undefined,Thousands,GBP (£),4.568
2017,Pacific,"Oceania, regional",Undefined,Thousands,GBP (£),3386.8217
2017,Pacific,Papua New Guinea,Undefined,Thousands,GBP (£),613.6385899999999
2017,Pacific,Samoa,Undefined,Thousands,GBP (£),166.41152
2017,Pacific,Solomon Islands,Undefined,Thousands,GBP (£),250.87848
2017,Pacific,Tonga,Undefined,Thousands,GBP (£),21.56418
2017,Pacific,Vanuatu,Undefined,Thousands,GBP (£),57.53774000000001
